id,first_name,last_name,address,phone,email
1,Yorke,Gentner,18 Bonner Place,163-712-5789,ygentner0@census.gov
2,Alfy,Rennick,68689 Havey Court,224-314-6748,arennick1@is.gd
3,Ceil,Pullman,82053 7th Street,993-484-5247,cpullman2@zimbio.com
4,Jan,Lathe,60273 Texas Junction,381-481-2624,jlathe3@squarespace.com
5,Bennie,Kittel,0 Morningstar Way,769-159-9559,bkittel4@vimeo.com
6,Caron,Tuftin,23 Beilfuss Avenue,153-780-8505,ctuftin5@oakley.com
7,Elihu,Eringey,0 Muir Parkway,688-164-4913,eeringey6@g.co
8,Kelli,Figgs,9796 Dixon Drive,202-631-5905,kfiggs7@slate.com
9,Mildred,Tarver,977 Fuller Crossing,609-284-8030,mtarver8@sourceforge.net
10,Izak,Clemenson,099 Merrick Trail,530-383-8795,iclemenson9@guardian.co.uk
11,Del,Fridlington,6 Burning Wood Hill,688-330-1145,dfridlingtona@imageshack.us
12,Arlie,Lampens,6848 Bonner Drive,171-140-3046,alampensb@ycombinator.com
13,Roseanna,Tupman,74341 Golf Course Road,686-760-0439,rtupmanc@google.com.hk
14,Brynna,Ondricek,31183 Moose Place,128-902-0941,bondricekd@mlb.com
15,Bryana,MacKintosh,75 Graedel Avenue,749-844-1470,bmackintoshe@ftc.gov
16,Howie,Toffano,66537 Sundown Pass,861-357-6623,htoffanof@ibm.com
17,Yasmin,Shere,69 Warrior Junction,677-365-0178,yshereg@spiegel.de
18,Atalanta,Giannassi,9 Tony Street,122-937-6285,agiannassih@businessinsider.com
19,Jilli,Tuffey,8905 Knutson Point,108-999-2312,jtuffeyi@tripod.com
20,Annamaria,Bumphrey,2 Cottonwood Alley,589-948-5135,abumphreyj@shareasale.com
21,Angelia,Mc Giffin,2 Fremont Place,212-911-6052,amcgiffink@acquirethisname.com
22,Artemus,Issacof,014 Burning Wood Parkway,631-363-7844,aissacofl@yolasite.com
23,Bernadine,Anscombe,21676 Harbort Crossing,134-458-5773,banscombem@marriott.com
24,Bartie,Stoile,5293 Old Gate Circle,691-438-9656,bstoilen@princeton.edu
25,Nerti,Dobbs,8251 Hoffman Terrace,500-765-6496,ndobbso@ezinearticles.com
26,Bax,Jakubowsky,2 Messerschmidt Junction,444-805-3789,bjakubowskyp@npr.org
27,Mariquilla,Grayer,854 Shelley Park,370-806-2639,mgrayerq@webeden.co.uk
28,Joletta,Blease,79782 Continental Park,344-115-2172,jbleaser@hubpages.com
29,Aliza,Sutherington,268 Bay Hill,677-138-7402,asutheringtons@aol.com
30,Renell,Given,25610 2nd Point,329-726-7428,rgivent@shop-pro.jp
31,Kinsley,Grealish,82 Doe Crossing Lane,970-642-3493,kgrealishu@bravesites.com
32,Cassondra,Scoffins,9 Dottie Crossing,348-987-2738,cscoffinsv@usa.gov
33,Justine,Coite,9245 Roxbury Way,367-879-6393,jcoitew@vk.com
34,Rikki,Cordero,78310 Hansons Terrace,449-125-8170,rcorderox@cbslocal.com
35,Flem,Kornilyev,044 Schurz Circle,848-166-3267,fkornilyevy@mysql.com
36,Jena,Ivancevic,1 Grayhawk Alley,819-780-6745,jivancevicz@sogou.com
37,Kathryn,Engeham,0 Laurel Terrace,246-337-7393,kengeham10@utexas.edu
38,Eustace,Simonsson,47802 2nd Point,708-296-9164,esimonsson11@reuters.com
39,Ogden,Danter,74959 Saint Paul Lane,586-429-1880,odanter12@typepad.com
40,Nert,Kunrad,464 Banding Place,659-715-8601,nkunrad13@time.com
41,Jacintha,Jakubovics,38301 Marquette Trail,351-555-7257,jjakubovics14@stanford.edu
42,Ancell,Preto,640 La Follette Junction,297-406-9966,apreto15@cbc.ca
43,Fredrika,Kendrew,6 Gulseth Street,454-740-6984,fkendrew16@163.com
44,Tabitha,Debrett,2 5th Center,139-961-4619,tdebrett17@xing.com
45,Zenia,Bittlestone,38 Mallard Place,336-853-6104,zbittlestone18@dot.gov
46,Reginald,Potteril,12 Dayton Point,900-437-2003,rpotteril19@xrea.com
47,Amalia,Parrish,74 David Terrace,572-328-9741,aparrish1a@google.de
48,Petrina,Machin,3450 Dexter Parkway,862-967-5472,pmachin1b@eventbrite.com
49,Leia,Weinham,5 Debs Place,113-577-8790,lweinham1c@nymag.com
50,Christoph,Ardron,6 Pennsylvania Way,190-834-9763,cardron1d@ca.gov
51,Leah,Andras,3 Shopko Alley,818-653-7799,landras1e@tamu.edu
52,Glynn,McGairl,00319 Colorado Avenue,870-261-0800,gmcgairl1f@histats.com
53,Sheena,Wason,77 Birchwood Terrace,104-786-3191,swason1g@soundcloud.com
54,Candace,Cluse,32 Victoria Alley,899-465-8474,ccluse1h@parallels.com
55,Giulio,Owers,5997 Shelley Way,156-563-8018,gowers1i@pinterest.com
56,Sylvia,Misken,65 Duke Plaza,353-196-7709,smisken1j@sphinn.com
57,Norton,Fridlington,673 Twin Pines Park,638-374-5145,nfridlington1k@nba.com
58,Cati,McEllen,916 Russell Circle,930-683-2183,cmcellen1l@hostgator.com
59,Casey,McCartan,9 Dakota Point,331-926-4398,cmccartan1m@purevolume.com
60,Kat,Bonner,3770 Buhler Terrace,630-767-2014,kbonner1n@washington.edu
61,Bernelle,Trewman,102 Lake View Park,916-526-2997,btrewman1o@sphinn.com
62,Skipper,Glasner,14 Mesta Circle,103-675-1967,sglasner1p@wikia.com
63,Dylan,Aggio,3198 Holmberg Point,837-294-2973,daggio1q@biglobe.ne.jp
64,Filberte,Longworthy,6774 Blackbird Pass,233-792-4100,flongworthy1r@slashdot.org
65,Waring,Rozsa,65 Dennis Crossing,210-216-4668,wrozsa1s@mozilla.org
66,Cherilynn,Scad,599 Gulseth Junction,526-336-8601,cscad1t@wikia.com
67,Terencio,Gomm,4 Laurel Parkway,868-919-5578,tgomm1u@who.int
68,Hillie,Nanni,553 Mandrake Road,644-777-4653,hnanni1v@wix.com
69,Vernon,Shippard,05 Evergreen Park,407-721-7764,vshippard1w@hc360.com
70,Berta,Pavic,819 Southridge Trail,169-607-4130,bpavic1x@people.com.cn
71,Merl,Sadry,23983 Clemons Hill,210-828-2098,msadry1y@ox.ac.uk
72,Lauren,Pensom,495 Vernon Circle,424-866-7948,lpensom1z@addthis.com
73,Brigg,Laban,474 Forest Alley,275-508-2667,blaban20@prlog.org
74,Nicole,Dow,512 Garrison Hill,175-566-5736,ndow21@nps.gov
75,Stanwood,Alvarado,53912 Twin Pines Street,903-503-0193,salvarado22@techcrunch.com
76,Lissie,Bestwick,02 Lindbergh Drive,546-702-2558,lbestwick23@sphinn.com
77,Bo,Guarnier,08 Mosinee Drive,161-214-0326,bguarnier24@skyrock.com
78,Rena,Fairnie,8873 Marcy Court,885-150-8830,rfairnie25@deliciousdays.com
79,Georgine,Wetheril,7712 Lindbergh Hill,232-214-7705,gwetheril26@nydailynews.com
80,Park,Lauret,051 Waubesa Avenue,747-422-2445,plauret27@vimeo.com
81,Adrian,Keeble,2 Pleasure Alley,828-648-8254,akeeble28@nasa.gov
82,Ronald,Rushsorth,37 Shelley Road,525-737-2770,rrushsorth29@free.fr
83,Florance,Hazzard,969 Crownhardt Park,921-417-9010,fhazzard2a@sitemeter.com
84,Godiva,Lavis,40 Milwaukee Hill,533-844-2139,glavis2b@techcrunch.com
85,Andres,Callaway,3 Londonderry Alley,551-437-6573,acallaway2c@slashdot.org
86,Curtis,Ortas,80 Basil Place,519-575-1657,cortas2d@unblog.fr
87,Adele,Culver,33865 Esker Street,399-726-0742,aculver2e@youtu.be
88,Rubia,Speed,78 Almo Plaza,867-130-0474,rspeed2f@huffingtonpost.com
89,Ronna,Haddleston,92395 Sutteridge Pass,142-318-0861,rhaddleston2g@linkedin.com
90,Hewitt,Olivari,42845 Pankratz Junction,713-187-1033,holivari2h@hud.gov
91,Iolanthe,Lewsie,6 Reindahl Road,229-103-8586,ilewsie2i@furl.net
92,Arlin,Lalley,29 Commercial Parkway,520-226-8953,alalley2j@bbb.org
93,Alonso,Edelheit,9 Troy Street,395-729-0814,aedelheit2k@mail.ru
94,Thea,MacKim,6 Mariners Cove Junction,635-559-3901,tmackim2l@pinterest.com
95,Werner,Rieflin,754 Roth Court,754-132-4943,wrieflin2m@vinaora.com
96,Merrielle,Pickthorn,93100 Eastlawn Lane,232-686-2068,mpickthorn2n@ca.gov
97,Stanly,Sutherel,01 Drewry Alley,725-227-1012,ssutherel2o@cocolog-nifty.com
98,Delphinia,Dampney,846 Elka Center,727-749-4214,ddampney2p@mlb.com
99,Aidan,Lumsdale,1103 Pleasure Hill,299-845-0950,alumsdale2q@ox.ac.uk
100,Erny,Wilcock,75265 Drewry Drive,624-398-0543,ewilcock2r@japanpost.jp
101,Camey,Neissen,16 Portage Circle,633-122-9289,cneissen2s@arstechnica.com
102,Vance,Giovannazzi,1 Troy Drive,775-571-0370,vgiovannazzi2t@youtu.be
103,Emile,Diter,14077 Surrey Trail,430-332-1662,editer2u@ftc.gov
104,Foss,Maffi,85198 Caliangt Place,595-552-7187,fmaffi2v@cdbaby.com
105,Mabelle,Renault,276 Buhler Plaza,200-758-3474,mrenault2w@nbcnews.com
106,Sarajane,Wohler,33497 Tomscot Trail,771-191-8846,swohler2x@ucoz.com
107,Nixie,Pierri,26587 Pennsylvania Center,431-280-5446,npierri2y@so-net.ne.jp
108,Felicle,Rohan,324 Macpherson Crossing,766-530-6525,frohan2z@hatena.ne.jp
109,Stanislaus,Werndley,3 Dakota Court,775-845-9641,swerndley30@bravesites.com
110,Marty,Twinborne,0979 Spohn Drive,303-853-4089,mtwinborne31@cbsnews.com
111,Corny,Arnoud,501 Hollow Ridge Road,797-896-3240,carnoud32@fotki.com
112,Geno,Vasyukhichev,122 Stang Park,781-930-9450,gvasyukhichev33@gmpg.org
113,Iorgos,Joutapaitis,166 Troy Point,415-181-4373,ijoutapaitis34@aol.com
114,Sheppard,Lympany,2 Huxley Way,183-353-6593,slympany35@ibm.com
115,Carly,Flaxman,034 Erie Alley,111-180-5468,cflaxman36@techcrunch.com
116,Gannon,Grubey,7 Waywood Place,700-395-1234,ggrubey37@auda.org.au
117,Hulda,Buncher,4 Surrey Point,154-756-6433,hbuncher38@zdnet.com
118,Alain,Rosenbarg,214 Hintze Point,397-176-5295,arosenbarg39@pinterest.com
119,Laure,Soppit,89326 Blaine Trail,625-250-4171,lsoppit3a@discuz.net
120,Trumann,Kleiner,516 Sunfield Road,534-751-9105,tkleiner3b@who.int
121,Belicia,Bartosik,611 Monterey Lane,664-237-6523,bbartosik3c@surveymonkey.com
122,Hildegarde,Coaster,0450 Northview Trail,615-802-5477,hcoaster3d@independent.co.uk
123,Cyndi,Letertre,2 Center Circle,727-436-6702,cletertre3e@tripod.com
124,Ralina,O'Gorman,7 Bunting Parkway,790-124-3715,rogorman3f@wp.com
125,Queenie,Pidgeley,6401 Macpherson Road,344-389-4256,qpidgeley3g@github.com
126,Corry,Sainsberry,077 Vidon Park,254-333-4372,csainsberry3h@chron.com
127,Sandi,Sarjant,4006 Banding Circle,522-671-8704,ssarjant3i@weather.com
128,Ardys,Crangle,53445 Fairview Circle,490-766-8694,acrangle3j@free.fr
129,Karlotte,Brunroth,6588 Fordem Road,601-836-5001,kbrunroth3k@google.ca
130,Happy,Battill,699 Burning Wood Park,900-890-1648,hbattill3l@google.pl
131,Eunice,Reams,6 Bobwhite Terrace,100-516-5721,ereams3m@businessinsider.com
132,Rudiger,Waite,0300 Esker Drive,233-147-9318,rwaite3n@indiatimes.com
133,Dennis,Pappi,023 3rd Road,186-287-0213,dpappi3o@jalbum.net
134,Jamal,Zipsell,621 Nova Park,450-726-5524,jzipsell3p@google.es
135,Gunter,Dovington,80 David Avenue,264-194-8552,gdovington3q@mashable.com
136,Brunhilde,Goede,213 Dexter Terrace,452-308-1374,bgoede3r@nifty.com
137,Kylila,Pindell,310 Havey Way,590-846-3008,kpindell3s@vk.com
138,Charleen,Thomke,71668 Continental Crossing,272-145-0835,cthomke3t@google.cn
139,Oralla,Duffet,963 Messerschmidt Trail,757-176-3341,oduffet3u@bloglines.com
140,Hugibert,Matczak,05160 Pine View Park,688-186-1862,hmatczak3v@walmart.com
141,Syman,Kibbye,37878 Merrick Trail,407-848-8564,skibbye3w@123-reg.co.uk
142,Ray,Cantos,5 Chive Trail,204-940-7824,rcantos3x@i2i.jp
143,Freeman,Sleet,7 Prairieview Court,580-641-6811,fsleet3y@nps.gov
144,Cecilia,Di Franceschi,2931 Autumn Leaf Terrace,406-355-1568,cdifranceschi3z@baidu.com
145,Eldon,Stockill,0468 Green Street,268-691-5389,estockill40@sitemeter.com
146,Katti,Tilmouth,7189 Clemons Terrace,311-226-8959,ktilmouth41@360.cn
147,Barclay,Angove,498 Shoshone Circle,391-498-8461,bangove42@google.ru
148,Tim,Eisenberg,372 Hagan Park,590-221-6169,teisenberg43@businessweek.com
149,Mariette,Santer,11095 Artisan Way,667-508-4225,msanter44@angelfire.com
150,Mag,Dewbury,39 David Point,653-992-9158,mdewbury45@csmonitor.com
151,Agnesse,Gooday,95 Westport Plaza,206-944-3510,agooday46@hugedomains.com
152,Moshe,Upsale,84787 Hanson Center,920-910-5925,mupsale47@umich.edu
153,Austen,Chazerand,80 Reindahl Pass,230-892-7143,achazerand48@aol.com
154,Zacherie,Sargeant,13 Maywood Park,172-591-1121,zsargeant49@intel.com
155,Lilllie,Oliver,58 Northview Park,889-648-5615,loliver4a@linkedin.com
156,Carrol,OIlier,6 Green Lane,719-130-1582,coilier4b@devhub.com
157,Salomon,Aykroyd,79722 Sutherland Pass,906-598-2991,saykroyd4c@geocities.jp
158,Sheffy,Carlow,9848 Golf Avenue,169-160-1328,scarlow4d@pen.io
159,Andy,Cappel,39385 Debs Street,545-788-4828,acappel4e@army.mil
160,Salome,Pudner,43 Spenser Avenue,170-398-2846,spudner4f@twitpic.com
161,Ermin,Tenny,18 Londonderry Road,216-359-7170,etenny4g@skype.com
162,Marshall,Soreau,27 Basil Street,362-706-6039,msoreau4h@t.co
163,Richardo,Klulik,052 Mockingbird Court,407-340-6457,rklulik4i@hubpages.com
164,Bertina,Chittleburgh,3073 Elka Road,894-626-6767,bchittleburgh4j@twitpic.com
165,Devonna,Stedson,6188 Buhler Circle,418-636-0898,dstedson4k@godaddy.com
166,Lolita,Gioan,8138 Burrows Avenue,313-258-9554,lgioan4l@sbwire.com
167,Far,Castilljo,3 Main Place,405-480-3809,fcastilljo4m@typepad.com
168,Millie,D'Oyley,65 Westend Terrace,150-434-9662,mdoyley4n@sourceforge.net
169,Leontyne,Gadsdon,544 Corry Way,820-892-0999,lgadsdon4o@japanpost.jp
170,Tucker,Beckles,83017 Surrey Pass,312-837-1661,tbeckles4p@scribd.com
171,Shelli,Larrad,79 Fairfield Drive,780-395-8957,slarrad4q@howstuffworks.com
172,Rose,Dubock,8 5th Crossing,615-224-2225,rdubock4r@taobao.com
173,Koral,Munnery,6 Comanche Crossing,350-774-8140,kmunnery4s@vkontakte.ru
174,Cally,Gallally,3 Luster Road,573-214-8837,cgallally4t@live.com
175,Dominic,Pitchers,357 Mockingbird Terrace,733-176-4325,dpitchers4u@vk.com
176,Minna,Lotterington,84792 Kings Trail,786-207-7940,mlotterington4v@barnesandnoble.com
177,Lulu,McCay,73 Dawn Avenue,199-748-4731,lmccay4w@blogtalkradio.com
178,Frans,Haseman,548 La Follette Crossing,520-814-7251,fhaseman4x@gmpg.org
179,Rowe,Anlay,07 Sutteridge Circle,374-916-2650,ranlay4y@joomla.org
180,Maxi,Amiable,743 Sloan Trail,148-143-2139,mamiable4z@shareasale.com
181,Tamiko,Mays,4530 Northwestern Plaza,799-462-4582,tmays50@miibeian.gov.cn
182,Frannie,Lawful,855 Montana Way,495-936-9025,flawful51@spotify.com
183,Ellen,Ibarra,091 High Crossing Point,253-250-2470,eibarra52@miitbeian.gov.cn
184,Dolley,Nottingham,8029 Hazelcrest Trail,630-150-1870,dnottingham53@nature.com
185,Lorrin,Fey,21 Arapahoe Avenue,901-249-5106,lfey54@sitemeter.com
186,Dennie,Urling,6 Carey Lane,505-125-3457,durling55@gov.uk
187,Renaud,Lamping,176 Dorton Circle,908-290-5662,rlamping56@hhs.gov
188,Leesa,Durbin,3974 Knutson Park,571-695-0586,ldurbin57@baidu.com
189,Aluino,Mustard,146 Dexter Street,721-849-3307,amustard58@ustream.tv
190,Jordana,M'Quharg,0157 Tony Street,200-737-1735,jmquharg59@ibm.com
191,Margarethe,Vinsen,52430 Manufacturers Avenue,796-389-5189,mvinsen5a@un.org
192,Yolane,Romushkin,565 Brickson Park Place,209-371-1127,yromushkin5b@arizona.edu
193,Cesare,Gamlen,23362 Algoma Junction,966-324-5808,cgamlen5c@ftc.gov
194,Ephrem,Bumpas,1 Hanover Road,707-593-3367,ebumpas5d@linkedin.com
195,Darlleen,McVity,80 Brickson Park Park,670-874-5295,dmcvity5e@cnbc.com
196,Cris,Sarson,4 Dahle Plaza,812-894-0009,csarson5f@google.co.jp
197,Julianne,Teideman,8950 Armistice Trail,352-975-8260,jteideman5g@alibaba.com
198,Errol,Willimot,7354 Mallory Parkway,157-616-3271,ewillimot5h@photobucket.com
199,Sergeant,Oakenfield,0 Bay Parkway,651-690-5256,soakenfield5i@pinterest.com
200,Shanan,Gentry,7 Caliangt Alley,847-319-0772,sgentry5j@nhs.uk
201,Rudy,Braidon,83087 Northridge Parkway,932-543-7105,rbraidon5k@nature.com
202,Bel,Cleator,4 Kedzie Plaza,860-798-8940,bcleator5l@google.fr
203,Pebrook,Stickins,90239 Arapahoe Point,347-218-0567,pstickins5m@unesco.org
204,Hermia,Richt,082 Basil Center,703-826-7964,hricht5n@squarespace.com
205,Arline,Dight,68460 Grayhawk Circle,491-356-9612,adight5o@intel.com
206,Victoria,Beeho,15242 Golf View Crossing,208-718-3302,vbeeho5p@yale.edu
207,Shermie,Bedenham,927 Nancy Lane,683-397-8100,sbedenham5q@wunderground.com
208,Rosalie,Dickon,96812 Springs Hill,114-885-6976,rdickon5r@chicagotribune.com
209,Barthel,Bibey,13420 Randy Lane,386-759-2233,bbibey5s@netlog.com
210,Agustin,Putterill,85 Rusk Place,704-574-3711,aputterill5t@symantec.com
211,Fairfax,Ruckert,72127 Ohio Point,165-274-8748,fruckert5u@pagesperso-orange.fr
212,Conney,Giddins,2058 Everett Drive,480-125-8792,cgiddins5v@nymag.com
213,Michail,Rooze,823 Starling Place,595-226-9938,mrooze5w@google.com
214,Auguste,Faich,6232 Helena Parkway,587-307-1740,afaich5x@lulu.com
215,Anya,McFall,62 Sullivan Point,551-407-5241,amcfall5y@mlb.com
216,Bondon,Laible,09720 Declaration Center,831-862-4368,blaible5z@paginegialle.it
217,Adelaide,Laible,4 Dorton Alley,381-771-1916,alaible60@tiny.cc
218,Goddart,Bance,4054 Rutledge Lane,419-658-7623,gbance61@wix.com
219,Ximenez,Gorrick,03 Blue Bill Park Street,688-706-7957,xgorrick62@g.co
220,Raquela,Gatling,568 Bartillon Point,568-845-4689,rgatling63@accuweather.com
221,Emmi,Maker,35 Packers Lane,584-845-6837,emaker64@vimeo.com
222,Geraldine,Chishull,374 Bobwhite Circle,238-462-9438,gchishull65@un.org
223,Baxter,Einchcombe,55 Badeau Crossing,262-410-5382,beinchcombe66@abc.net.au
224,Ileane,McGeoch,876 Loftsgordon Center,751-740-2599,imcgeoch67@pen.io
225,Clary,Alliker,80705 Westport Trail,141-866-3520,calliker68@nifty.com
226,Laurel,Guite,697 Tennessee Trail,212-785-8792,lguite69@ovh.net
227,Vidovik,Duker,92411 Graceland Junction,201-525-4801,vduker6a@google.com.br
228,Ignacius,Esposito,62 Novick Road,888-412-7306,iesposito6b@sourceforge.net
229,Rora,Olennikov,404 Emmet Court,818-495-9252,rolennikov6c@artisteer.com
230,Lilias,Fissenden,1956 Farwell Parkway,351-654-9168,lfissenden6d@blogspot.com
231,Salomon,Stirrup,3 Fordem Street,740-500-8863,sstirrup6e@51.la
232,Madonna,Binch,617 Welch Drive,177-401-2341,mbinch6f@noaa.gov
233,Zeb,Frid,593 Calypso Center,952-716-1838,zfrid6g@t.co
234,Neel,Luttgert,0865 West Court,324-819-8298,nluttgert6h@adobe.com
235,Bernita,Mackro,8876 Pierstorff Street,115-124-3803,bmackro6i@nhs.uk
236,Hubert,Schuler,54 Gulseth Drive,507-658-1508,hschuler6j@tripod.com
237,Kizzie,Cottey,3 Debra Center,995-784-7724,kcottey6k@bloomberg.com
238,Jessamine,Simonsson,9 Roxbury Park,825-535-0387,jsimonsson6l@bravesites.com
239,Avram,Haggarth,27413 Elgar Junction,803-914-3008,ahaggarth6m@mail.ru
240,Hayes,Antonovic,82 Loftsgordon Park,581-901-6714,hantonovic6n@businessweek.com
241,Igor,Dominico,4 Schmedeman Park,908-848-3796,idominico6o@netscape.com
242,Griz,Drinnan,48 Aberg Parkway,590-895-8568,gdrinnan6p@google.com.au
243,Cointon,Daws,6 Knutson Court,462-568-4474,cdaws6q@usnews.com
244,Jackelyn,Ringe,1 Arapahoe Lane,365-145-2222,jringe6r@yelp.com
245,Genni,Brobak,8691 Truax Trail,663-686-1875,gbrobak6s@hibu.com
246,Corny,McCooke,173 Namekagon Junction,703-810-9365,cmccooke6t@apple.com
247,Edik,Weich,69387 Magdeline Plaza,204-793-8244,eweich6u@stumbleupon.com
248,Evelyn,Radoux,9 Northview Avenue,554-645-8564,eradoux6v@livejournal.com
249,Wildon,Edgerley,44497 Pierstorff Street,680-408-0694,wedgerley6w@i2i.jp
250,Cody,Ondrusek,3 Hallows Way,880-403-2367,condrusek6x@behance.net
251,Paulita,Grabb,963 Nobel Road,828-933-8117,pgrabb6y@state.gov
252,Cymbre,Noice,78 Forster Lane,781-221-2558,cnoice6z@princeton.edu
253,Dane,Argontt,6 Dixon Parkway,222-621-4814,dargontt70@eventbrite.com
254,Brandie,Verlinden,50 Kropf Circle,810-554-4200,bverlinden71@berkeley.edu
255,Nertie,Pagnin,3 Garrison Junction,290-311-4067,npagnin72@mlb.com
256,Osbourne,Larmour,7351 Namekagon Way,826-747-8946,olarmour73@ucoz.com
257,Killian,Corry,29 Comanche Terrace,911-315-0001,kcorry74@vk.com
258,Ezequiel,Bartelet,7 Division Street,480-745-7893,ebartelet75@mozilla.com
259,Broddy,Dornan,43871 Hallows Center,441-520-9490,bdornan76@theatlantic.com
260,Lorelei,Lusk,5852 Loomis Alley,908-930-5440,llusk77@paypal.com
261,Renaldo,Lobell,512 Express Place,874-716-9178,rlobell78@nasa.gov
262,Barnaby,Jedrasik,11489 Cardinal Crossing,416-734-0579,bjedrasik79@bbc.co.uk
263,Stephana,Bolsteridge,281 Lunder Park,669-835-1012,sbolsteridge7a@china.com.cn
264,Velma,Inger,2397 Barnett Drive,489-862-6586,vinger7b@themeforest.net
265,Thia,Musselwhite,433 Park Meadow Crossing,662-721-7660,tmusselwhite7c@telegraph.co.uk
266,Gian,Langelay,1 Nancy Place,916-638-2455,glangelay7d@plala.or.jp
267,Pandora,Gannicleff,9214 Stuart Junction,395-716-0518,pgannicleff7e@sciencedirect.com
268,Hillery,Ranscomb,24400 Annamark Point,768-333-9847,hranscomb7f@reverbnation.com
269,Grange,Rickaert,78 Jay Trail,921-984-5993,grickaert7g@washington.edu
270,Robert,Brownsmith,4619 Onsgard Center,405-510-7373,rbrownsmith7h@yelp.com
271,Farrah,Featherstone,4139 Eagle Crest Alley,857-946-9116,ffeatherstone7i@ifeng.com
272,Quintilla,Randell,69863 Messerschmidt Point,130-190-6868,qrandell7j@businessweek.com
273,Si,Dawby,5 Oak Road,897-882-1601,sdawby7k@amazon.co.jp
274,Demott,Baldazzi,690 Burrows Place,835-200-0750,dbaldazzi7l@ow.ly
275,Even,Goane,2 Rutledge Way,221-508-8356,egoane7m@cbsnews.com
276,Mirabel,Lindwall,44635 Dawn Lane,903-123-4777,mlindwall7n@home.pl
277,Merna,Grigoryov,3 Morrow Park,581-145-8403,mgrigoryov7o@parallels.com
278,Bondy,Jouandet,2503 Stone Corner Drive,673-444-8111,bjouandet7p@facebook.com
279,Gordy,Schooling,8339 Shelley Place,979-956-2251,gschooling7q@hc360.com
280,Dillie,Jansema,455 Almo Road,309-916-0036,djansema7r@dot.gov
281,Zacharias,Freemantle,00922 Cordelia Hill,342-921-4866,zfreemantle7s@sourceforge.net
282,Idaline,Woodison,86 Manley Street,227-970-4471,iwoodison7t@foxnews.com
283,Johna,Glaum,02454 Manley Park,615-163-5251,jglaum7u@sun.com
284,Garry,Calltone,13036 Riverside Way,826-581-7324,gcalltone7v@go.com
285,Annis,Grishmanov,2942 Bashford Point,632-269-7820,agrishmanov7w@smugmug.com
286,Bing,Ivison,21 Drewry Point,842-128-3110,bivison7x@dailymotion.com
287,Haze,Niemiec,87390 Lake View Avenue,802-779-2515,hniemiec7y@skype.com
288,Darwin,Shovelton,84 Bowman Hill,557-926-8399,dshovelton7z@vk.com
289,Kleon,Skoughman,45498 Havey Junction,182-102-7625,kskoughman80@alibaba.com
290,Sheppard,Ayres,75 Mayfield Center,563-480-0331,sayres81@ucoz.com
291,Reese,Nicholson,971 Stoughton Junction,194-947-9883,rnicholson82@linkedin.com
292,Merrile,Toogood,52 Grayhawk Way,329-827-8841,mtoogood83@mit.edu
293,Vidovik,Duigenan,6 Division Circle,602-856-4512,vduigenan84@wufoo.com
294,Loella,Birdsall,4417 Southridge Hill,256-299-8453,lbirdsall85@goo.gl
295,Sharity,Claybourne,8 Service Hill,467-767-3574,sclaybourne86@irs.gov
296,Didi,Nund,199 Mitchell Lane,732-185-5989,dnund87@theglobeandmail.com
297,Clifford,Ferrucci,0 Independence Plaza,616-212-2703,cferrucci88@answers.com
298,Nicole,Opy,1115 Toban Street,241-564-1772,nopy89@amazon.com
299,Nickey,Moloney,98345 Truax Plaza,767-453-2904,nmoloney8a@amazon.com
300,Fidole,Cobain,872 Bobwhite Drive,739-587-1625,fcobain8b@deliciousdays.com
301,Miller,Glossup,995 Oakridge Street,747-696-9149,mglossup8c@meetup.com
302,Hillery,Allison,0 Carioca Road,497-118-5779,hallison8d@harvard.edu
303,Annis,Mahon,8097 Arapahoe Alley,899-841-3194,amahon8e@craigslist.org
304,Agna,Gerbi,075 Wayridge Street,613-869-8802,agerbi8f@cnn.com
305,Mattie,Matuszkiewicz,5624 Lyons Road,839-660-6285,mmatuszkiewicz8g@ebay.com
306,Molli,Trevains,463 Saint Paul Plaza,270-181-2158,mtrevains8h@networkadvertising.org
307,Harvey,Raggatt,77424 Basil Court,980-218-0798,hraggatt8i@berkeley.edu
308,Heidie,MacIllrick,46 Corry Street,231-473-1202,hmacillrick8j@nps.gov
309,Marrilee,Widmore,9 Bellgrove Alley,954-681-7333,mwidmore8k@nifty.com
310,Darrel,Caurah,2995 Bluestem Court,754-458-3943,dcaurah8l@simplemachines.org
311,Cassius,Frail,55 Rutledge Crossing,570-242-3003,cfrail8m@toplist.cz
312,Lanette,Brewett,09528 Talisman Center,407-705-9502,lbrewett8n@sbwire.com
313,Lenora,Caldayrou,5709 Bellgrove Alley,484-903-1786,lcaldayrou8o@vimeo.com
314,Bar,Galle,6 Fieldstone Park,491-239-3028,bgalle8p@omniture.com
315,Beale,Schwaiger,7935 Schurz Lane,816-667-7218,bschwaiger8q@wordpress.org
316,Oralia,Evequot,1288 Marquette Road,548-689-7204,oevequot8r@google.com
317,Jesus,McVaugh,558 Buell Street,548-748-0388,jmcvaugh8s@netvibes.com
318,Britte,Gwilliams,7859 Dayton Avenue,646-349-0852,bgwilliams8t@odnoklassniki.ru
319,Tabina,Hambelton,3294 Rieder Way,821-106-7093,thambelton8u@barnesandnoble.com
320,Larina,Eglise,7 Sunfield Way,422-881-7892,leglise8v@ihg.com
321,Mychal,Risso,3 Loomis Avenue,661-780-7857,mrisso8w@icio.us
322,Lauree,Chillingworth,37 Barnett Trail,511-260-6207,lchillingworth8x@xrea.com
323,Berny,MacNeilley,60474 Tomscot Park,549-803-7759,bmacneilley8y@biglobe.ne.jp
324,Dilan,O'Tuohy,72 Pankratz Court,879-860-5777,dotuohy8z@deviantart.com
325,Kattie,Udey,665 Evergreen Crossing,108-293-3368,kudey90@dot.gov
326,Bastien,Lukianov,6 Arapahoe Pass,937-662-9754,blukianov91@google.es
327,Paddie,Earie,55 Commercial Place,876-565-5564,pearie92@kickstarter.com
328,Dore,Chicken,13 Maple Wood Park,876-246-3960,dchicken93@time.com
329,Bree,Sullly,82578 Beilfuss Court,323-701-0053,bsullly94@imdb.com
330,Welsh,Apted,8 Esker Drive,177-728-8388,wapted95@g.co
331,Camey,Tupp,10237 Sloan Way,654-653-7216,ctupp96@elpais.com
332,Tish,Norquay,098 Jenifer Parkway,880-460-8513,tnorquay97@de.vu
333,Jobi,Moss,602 Larry Court,497-587-5135,jmoss98@ftc.gov
334,Ezequiel,Bondy,78 Charing Cross Way,522-630-0556,ebondy99@zimbio.com
335,Joscelin,Bedells,036 Summit Place,136-579-9428,jbedells9a@opensource.org
336,Emanuele,Sinney,25 Kings Hill,618-266-3490,esinney9b@slate.com
337,Ailee,Meace,87 Susan Center,966-681-2317,ameace9c@mlb.com
338,Doria,Langeren,1 Rieder Trail,567-591-7274,dlangeren9d@networkadvertising.org
339,Si,Proom,69 Sutherland Trail,914-200-1206,sproom9e@i2i.jp
340,Clim,Lindenstrauss,22533 Manley Hill,505-610-3296,clindenstrauss9f@rediff.com
341,Laryssa,Trymme,37193 Jackson Court,770-955-1685,ltrymme9g@guardian.co.uk
342,Delaney,Thomassin,78 Pankratz Way,983-666-5124,dthomassin9h@sogou.com
343,Charmane,Lyddy,62 Transport Circle,345-119-2138,clyddy9i@gizmodo.com
344,Benoit,Mowbury,5737 Melvin Terrace,196-611-1632,bmowbury9j@youtube.com
345,Lucian,Illsley,0 Sheridan Center,822-710-3390,lillsley9k@flickr.com
346,Wendel,Stothert,3460 Anzinger Avenue,305-994-6422,wstothert9l@mtv.com
347,Cassey,Spring,261 Bonner Point,799-856-4032,cspring9m@nih.gov
348,Brittney,Danilyuk,3043 Bobwhite Place,156-642-1045,bdanilyuk9n@example.com
349,Dennison,Le Leu,26539 Corscot Park,237-938-6595,dleleu9o@desdev.cn
350,Angelle,Lundbech,72029 Summer Ridge Place,416-884-0076,alundbech9p@alexa.com
351,Ruprecht,Garbar,54396 Elka Point,526-476-3361,rgarbar9q@fema.gov
352,Malissa,Cruddace,8 Fallview Place,339-874-4699,mcruddace9r@360.cn
353,Eward,Gaber,84992 Oxford Court,907-269-4905,egaber9s@cyberchimps.com
354,Miriam,Lozano,3976 Hanson Way,424-397-8850,mlozano9t@trellian.com
355,Edi,Persehouse,639 Emmet Alley,520-566-1366,epersehouse9u@flavors.me
356,Camile,Parsall,4613 Manitowish Plaza,631-722-5129,cparsall9v@icq.com
357,Jerrilyn,Gillogley,710 Summer Ridge Pass,313-508-7128,jgillogley9w@exblog.jp
358,Bartholomeus,Sturge,23 Monica Parkway,236-968-2319,bsturge9x@state.tx.us
359,Adolpho,Uebel,99 Norway Maple Plaza,106-917-2593,auebel9y@guardian.co.uk
360,Northrup,Corro,652 Sullivan Road,991-497-6148,ncorro9z@cdbaby.com
361,Alard,Middas,249 Hanson Court,521-811-2438,amiddasa0@dion.ne.jp
362,Arabele,Piddlehinton,9362 Coleman Circle,564-206-4563,apiddlehintona1@reuters.com
363,Costa,Kirke,5861 Michigan Junction,422-699-1213,ckirkea2@jugem.jp
364,Ardenia,Shulver,02 Orin Lane,622-868-3189,ashulvera3@free.fr
365,Milzie,Dimic,9 Transport Hill,623-543-5204,mdimica4@dot.gov
366,Cordell,Ferrant,8886 Hansons Point,576-822-7568,cferranta5@webmd.com
367,Cybill,Tomlins,135 Division Circle,513-763-1544,ctomlinsa6@amazon.co.uk
368,Angus,Giannassi,0245 Nelson Park,844-249-7176,agiannassia7@thetimes.co.uk
369,Danya,Nevins,1 Crowley Park,848-367-1320,dnevinsa8@about.com
370,Electra,Mabone,49906 Wayridge Terrace,569-282-8134,emabonea9@google.ca
371,Thalia,Plackstone,5946 Graedel Avenue,313-734-3588,tplackstoneaa@vkontakte.ru
372,Filmore,Selliman,4387 Sullivan Hill,841-473-9647,fsellimanab@imdb.com
373,Tabb,Serle,8357 Manley Crossing,244-900-1610,tserleac@microsoft.com
374,Gaelan,Nabbs,587 Northridge Plaza,972-488-0091,gnabbsad@com.com
375,Mathilde,Winslet,9808 Rowland Pass,737-568-9935,mwinsletae@myspace.com
376,Kirby,Cheney,44 Elmside Pass,150-286-2935,kcheneyaf@ning.com
377,Enid,Graith,8108 Forest Run Parkway,133-278-9503,egraithag@baidu.com
378,Grazia,Antonognoli,4 Steensland Trail,221-419-1212,gantonognoliah@ovh.net
379,Leopold,Laise,5578 Eastwood Parkway,699-722-1039,llaiseai@webs.com
380,Marcy,Jeske,23875 Lakewood Gardens Park,172-726-3190,mjeskeaj@com.com
381,Krissie,Sauvage,472 Forster Terrace,664-810-1751,ksauvageak@chronoengine.com
382,Amie,Mallabon,44 Kingsford Street,211-976-8591,amallabonal@howstuffworks.com
383,Rafaelia,Moodie,629 Norway Maple Center,191-532-8687,rmoodieam@unesco.org
384,Gilles,Stert,03 Moose Pass,255-676-3362,gstertan@infoseek.co.jp
385,Camile,Lorraway,325 Westerfield Place,970-111-5321,clorrawayao@tamu.edu
386,Amalle,Dinley,98 Arapahoe Circle,261-148-0050,adinleyap@samsung.com
387,Barron,Kitson,075 Oriole Street,896-210-5634,bkitsonaq@blogtalkradio.com
388,Charlot,Taylot,789 Vahlen Drive,424-790-0558,ctaylotar@g.co
389,Maressa,Samsonsen,00990 Garrison Lane,448-999-4707,msamsonsenas@sciencedirect.com
390,Vittorio,Moulson,53 Heffernan Hill,333-784-6022,vmoulsonat@dell.com
391,Marwin,Strathearn,54815 Redwing Hill,147-309-5857,mstrathearnau@howstuffworks.com
392,Ruben,Mayall,472 Upham Plaza,254-327-0959,rmayallav@samsung.com
393,Lana,Conisbee,8487 East Lane,471-710-1383,lconisbeeaw@foxnews.com
394,Annadiana,Reucastle,3 Fallview Point,711-897-2603,areucastleax@hostgator.com
395,Genvieve,Brocklehurst,88 Schurz Court,488-827-1852,gbrocklehurstay@dell.com
396,Ronna,Dinsell,048 Harper Hill,115-833-5306,rdinsellaz@bluehost.com
397,Winne,Borrell,13368 Memorial Drive,697-163-7814,wborrellb0@simplemachines.org
398,Albrecht,Aguilar,791 Drewry Alley,179-855-3213,aaguilarb1@howstuffworks.com
399,Geoffry,Baysting,20 Pierstorff Way,844-497-3666,gbaystingb2@e-recht24.de
400,Basile,MacColm,41366 Oak Valley Road,527-944-2213,bmaccolmb3@youtube.com
401,Channa,Agar,8225 Manley Terrace,688-234-3161,cagarb4@list-manage.com
402,Ignacius,De Laspee,50 Gerald Place,313-966-2398,idelaspeeb5@europa.eu
403,Lita,Dineen,9 Coleman Park,380-623-0490,ldineenb6@devhub.com
404,Bailey,Filppetti,1216 Killdeer Lane,109-977-1380,bfilppettib7@hao123.com
405,Rachele,Whaplington,9 Vidon Park,300-287-4007,rwhaplingtonb8@friendfeed.com
406,Ashlie,Aiskovitch,834 Center Alley,679-624-6603,aaiskovitchb9@mac.com
407,Barbie,Lound,560 Longview Hill,642-200-1699,bloundba@creativecommons.org
408,Iorgos,Bertomier,00 Coolidge Crossing,251-379-9960,ibertomierbb@trellian.com
409,Cahra,Maidlow,913 Monument Terrace,706-705-8791,cmaidlowbc@bloglines.com
410,Berny,Semmens,3995 Riverside Road,520-386-6857,bsemmensbd@bravesites.com
411,Earle,Shaddick,98981 Chive Circle,131-312-5966,eshaddickbe@microsoft.com
412,Lev,McGrirl,30753 Straubel Way,460-235-3219,lmcgrirlbf@opera.com
413,Caren,Dykes,9 Mayfield Drive,440-588-9151,cdykesbg@chron.com
414,Vaughn,Mendez,40 Northland Terrace,429-431-3826,vmendezbh@house.gov
415,Candida,Mulcahy,69 Little Fleur Hill,142-307-0866,cmulcahybi@cdbaby.com
416,Craggie,Malthouse,5 Maple Wood Circle,288-380-3653,cmalthousebj@google.it
417,Dela,Northeast,1216 Prairieview Road,768-347-9836,dnortheastbk@artisteer.com
418,Ajay,Billie,59 Union Drive,558-871-3074,abilliebl@naver.com
419,Renate,Rubroe,7 Elmside Point,343-679-6517,rrubroebm@elpais.com
420,Sid,Corah,72 Gale Point,193-115-1199,scorahbn@nsw.gov.au
421,Minette,Gwynn,598 Holmberg Lane,757-178-2598,mgwynnbo@arstechnica.com
422,Thibaud,McBayne,7604 Waubesa Crossing,541-167-2942,tmcbaynebp@state.tx.us
423,Temp,Wormleighton,21452 Arrowood Pass,341-601-4441,twormleightonbq@nydailynews.com
424,Tildi,Ingrey,14 School Point,318-658-5361,tingreybr@ucla.edu
425,Lizbeth,Braga,56360 Hagan Park,358-234-0031,lbragabs@opensource.org
426,Huntlee,Vescovini,95 Menomonie Junction,989-997-8587,hvescovinibt@stumbleupon.com
427,Dean,Rucklidge,795 Columbus Place,435-593-2355,drucklidgebu@skype.com
428,Isis,Ardy,240 Roxbury Drive,227-951-5310,iardybv@gravatar.com
429,Cherise,Ades,786 Cordelia Plaza,760-143-7960,cadesbw@pbs.org
430,Cornell,Williment,96 Hanover Way,159-520-3491,cwillimentbx@theguardian.com
431,Adelaida,Shucksmith,17 Moose Crossing,894-645-8302,ashucksmithby@unesco.org
432,Brittan,Seemmonds,000 Garrison Center,395-860-5736,bseemmondsbz@illinois.edu
433,Elnar,Zoanetti,4281 Badeau Point,812-360-5573,ezoanettic0@is.gd
434,Dom,Schanke,99679 Talmadge Parkway,794-542-2669,dschankec1@accuweather.com
435,Ellie,Latham,8 Lotheville Trail,799-382-3040,elathamc2@stumbleupon.com
436,Adria,Bellison,08895 Namekagon Crossing,712-328-1073,abellisonc3@flavors.me
437,Gabie,Jobbins,4780 Banding Court,503-153-4935,gjobbinsc4@webmd.com
438,Annamaria,Wakelin,55810 Buell Crossing,911-395-2694,awakelinc5@studiopress.com
439,Marlo,Theobalds,61821 Hooker Alley,757-175-1821,mtheobaldsc6@reverbnation.com
440,Otes,Smithyman,926 Russell Crossing,819-960-4489,osmithymanc7@nih.gov
441,Paule,Furphy,5 High Crossing Plaza,919-831-4521,pfurphyc8@seesaa.net
442,Kearney,Diter,59202 Susan Lane,252-643-2321,kditerc9@arizona.edu
443,Ara,Dodgshon,3630 Crescent Oaks Circle,377-127-9681,adodgshonca@china.com.cn
444,Berky,Sabie,20934 Scoville Avenue,839-557-6483,bsabiecb@linkedin.com
445,Flynn,MacKellen,2166 Barnett Circle,777-357-0059,fmackellencc@dot.gov
446,Cara,Grinyakin,8 Forest Dale Alley,211-537-8020,cgrinyakincd@intel.com
447,Odetta,Mullin,1542 Oxford Junction,640-549-9781,omullince@jiathis.com
448,Alida,Janos,70228 Becker Street,475-314-9723,ajanoscf@unblog.fr
449,Korrie,Searl,4112 Transport Crossing,304-296-9821,ksearlcg@tiny.cc
450,Ernestine,Edensor,45482 Eagan Alley,217-491-2974,eedensorch@printfriendly.com
451,Alexia,Ghelarducci,9 Towne Terrace,972-144-2568,aghelarduccici@addtoany.com
452,Paquito,Hardwidge,4723 Iowa Parkway,561-762-9787,phardwidgecj@nifty.com
453,Vinny,Yeldon,8984 Holy Cross Place,247-264-9465,vyeldonck@mozilla.com
454,Beilul,Mervyn,4 West Junction,547-269-7390,bmervyncl@pbs.org
455,Garvin,Chaloner,780 Continental Circle,349-248-6507,gchalonercm@ovh.net
456,Davidson,Daines,9 Burning Wood Trail,539-430-4383,ddainescn@seattletimes.com
457,Merry,Edmunds,619 Hooker Place,448-295-5816,medmundsco@forbes.com
458,Brittney,Claesens,0 Laurel Plaza,182-968-8909,bclaesenscp@nih.gov
459,Hakeem,Cruikshanks,9 Nobel Place,669-950-5695,hcruikshankscq@microsoft.com
460,Chilton,Scarlon,842 Shelley Alley,549-191-6203,cscarloncr@icio.us
461,Zedekiah,Sherel,3 High Crossing Hill,570-455-6582,zsherelcs@mapy.cz
462,Van,Brasted,14 Gateway Trail,587-771-0968,vbrastedct@slashdot.org
463,Roda,Kelberman,068 6th Drive,668-693-4571,rkelbermancu@usa.gov
464,Dulcine,Balshen,97 Bay Point,559-993-9168,dbalshencv@mysql.com
465,Nobie,Labbey,356 Troy Avenue,225-645-3861,nlabbeycw@dell.com
466,Merilyn,Wiz,3 Towne Junction,287-424-5797,mwizcx@cbc.ca
467,Vickie,Meriott,8 Park Meadow Alley,399-536-1002,vmeriottcy@twitpic.com
468,Janet,Hollington,9756 Chinook Road,783-959-6075,jhollingtoncz@friendfeed.com
469,Alina,Bourley,6782 Hanson Terrace,469-676-7904,abourleyd0@nationalgeographic.com
470,Amos,Bemrose,27130 Hauk Alley,639-837-5979,abemrosed1@digg.com
471,Birk,Smillie,9 Mccormick Drive,122-531-3380,bsmillied2@foxnews.com
472,Hi,Anetts,671 Muir Road,300-769-7015,hanettsd3@theguardian.com
473,Margaret,Backwell,3 Red Cloud Street,689-368-4774,mbackwelld4@virginia.edu
474,Rubia,Haryngton,2293 Boyd Parkway,975-796-9726,rharyngtond5@domainmarket.com
475,Willis,Vinton,142 Mcguire Hill,176-453-3646,wvintond6@lycos.com
476,Tiebout,Easeman,3 Eggendart Trail,400-615-0948,teasemand7@360.cn
477,Diane-marie,Hammonds,20353 Sunbrook Terrace,864-435-1330,dhammondsd8@etsy.com
478,Pet,Short,66522 Portage Center,733-296-9870,pshortd9@usda.gov
479,Margalo,Le Provest,90770 Summit Drive,226-595-7502,mleprovestda@ovh.net
480,Maddy,Letixier,1 3rd Avenue,696-918-6037,mletixierdb@about.me
481,Annissa,Groundwater,00717 Fallview Place,523-634-9224,agroundwaterdc@plala.or.jp
482,Pier,Jelf,662 Jana Avenue,202-778-9897,pjelfdd@rakuten.co.jp
483,Micky,Southern,6894 Shasta Alley,781-622-6187,msouthernde@irs.gov
484,Winni,Sallows,6 Elka Court,976-246-4047,wsallowsdf@nytimes.com
485,Wynn,Roscam,259 Emmet Place,898-371-3668,wroscamdg@prnewswire.com
486,Waneta,Calvie,534 Southridge Point,522-250-1915,wcalviedh@qq.com
487,Dodie,McMeekan,8 Schurz Circle,367-384-5500,dmcmeekandi@sourceforge.net
488,Veronike,Membry,9 Havey Drive,567-907-2111,vmembrydj@fotki.com
489,Elinor,Matieu,27445 Mitchell Pass,230-119-8652,ematieudk@123-reg.co.uk
490,Daveta,Macquire,98 Blaine Drive,539-332-1970,dmacquiredl@google.nl
491,Linell,Treacher,54 Reindahl Circle,204-916-6539,ltreacherdm@salon.com
492,Weider,Slocumb,3482 Knutson Center,191-490-4774,wslocumbdn@facebook.com
493,Amabelle,Sommerfeld,33729 Norway Maple Street,212-351-6338,asommerfelddo@who.int
494,Kaye,Storek,15 Hooker Alley,125-315-4988,kstorekdp@opensource.org
495,Duncan,Klimov,8958 Anthes Court,480-398-1047,dklimovdq@imdb.com
496,Richie,Heggs,32377 Nancy Pass,893-267-0991,rheggsdr@rambler.ru
497,Adrianne,Demangeot,494 Sommers Trail,116-128-7098,ademangeotds@hugedomains.com
498,Vitoria,Abram,1188 Ohio Junction,954-524-3347,vabramdt@sun.com
499,Melanie,Foulks,0717 Bartelt Center,329-885-0936,mfoulksdu@prlog.org
500,Jonah,Danahar,137 Dawn Park,338-225-5687,jdanahardv@webmd.com
501,Petronia,Turneux,5 Basil Way,970-382-4550,pturneuxdw@oracle.com
502,Arny,Chesworth,32 Grim Avenue,307-125-2577,achesworthdx@wix.com
503,Marianna,Tumber,404 Coolidge Court,996-466-7419,mtumberdy@ifeng.com
504,Monro,Sprigin,5927 Esch Terrace,379-789-7221,msprigindz@mtv.com
505,Jerrome,Dummer,53794 Prentice Lane,976-353-5622,jdummere0@xing.com
506,Wallache,Bradnam,17952 Eastlawn Way,810-955-2806,wbradname1@creativecommons.org
507,Calla,Hartop,33042 Susan Trail,400-131-1265,chartope2@seesaa.net
508,Dodie,Betje,10590 Hoffman Road,155-610-0242,dbetjee3@google.cn
509,Renae,Dri,21 Fulton Place,581-880-6977,rdrie4@usda.gov
510,Elton,Gouch,7 Lyons Avenue,293-938-0052,egouche5@istockphoto.com
511,Lynett,Grebner,3411 Sheridan Way,528-465-8301,lgrebnere6@unesco.org
512,Berne,Truwert,369 Algoma Plaza,830-307-0852,btruwerte7@feedburner.com
513,Maxwell,Dunning,258 Fisk Way,671-709-1519,mdunninge8@craigslist.org
514,Shoshanna,Creer,79 Cherokee Trail,844-674-0288,screere9@xrea.com
515,Lonny,Nazer,033 Brickson Park Drive,279-633-7959,lnazerea@europa.eu
516,Beryl,Hiskey,5 Hallows Park,703-235-8212,bhiskeyeb@bluehost.com
517,Kip,Maiklem,14 Tony Trail,859-876-4591,kmaiklemec@huffingtonpost.com
518,Dre,Le Noire,7 Mandrake Crossing,443-409-7266,dlenoireed@flavors.me
519,Marcellina,Caherny,1 Utah Avenue,281-543-5816,mcahernyee@sciencedaily.com
520,Shea,Maffini,27513 Coolidge Court,705-707-2974,smaffinief@booking.com
521,Kevyn,Elks,060 Sutteridge Avenue,335-512-6077,kelkseg@youtube.com
522,Paolina,Duff,11251 Buena Vista Parkway,535-456-3731,pduffeh@de.vu
523,Ozzie,Frapwell,9 4th Drive,187-399-9576,ofrapwellei@princeton.edu
524,Swen,Malenoir,67166 Bonner Pass,669-682-7646,smalenoirej@sitemeter.com
525,Nata,Eatherton,43 Pearson Parkway,481-935-0772,neathertonek@canalblog.com
526,Kissie,Weddell,2 Kipling Terrace,297-354-4197,kweddellel@123-reg.co.uk
527,Orlando,Berns,980 Coleman Road,828-170-6595,obernsem@ft.com
528,Lucky,Cudbird,58996 Farmco Alley,218-292-7385,lcudbirden@so-net.ne.jp
529,Keefe,Whightman,49 Dixon Avenue,883-570-7825,kwhightmaneo@chronoengine.com
530,Enrika,Moody,304 Eagle Crest Avenue,251-116-4933,emoodyep@elpais.com
531,Farrel,Huntley,37252 Namekagon Place,269-340-5984,fhuntleyeq@desdev.cn
532,Jules,Preece,7 Farmco Hill,512-800-2243,jpreeceer@earthlink.net
533,Maddi,Antliff,55 Jackson Trail,848-715-4182,mantliffes@163.com
534,Dar,Lundberg,8462 Jenifer Lane,131-253-8250,dlundberget@amazon.co.jp
535,Darlleen,Duham,4578 Blaine Alley,735-607-2581,dduhameu@tinypic.com
536,Joela,McMeekan,518 Carpenter Terrace,923-989-6095,jmcmeekanev@printfriendly.com
537,Reilly,Martonfi,62 Hazelcrest Alley,683-474-8536,rmartonfiew@nytimes.com
538,Warden,Gateman,61 Sheridan Plaza,798-406-4352,wgatemanex@ocn.ne.jp
539,Kelby,Laurentin,2 Packers Circle,201-748-6141,klaurentiney@google.fr
540,Tito,Coy,9 Northwestern Avenue,705-715-7476,tcoyez@dailymail.co.uk
541,Phillie,Pearde,312 Waxwing Park,987-807-2748,ppeardef0@seesaa.net
542,Avie,Oake,2 Continental Way,986-409-5836,aoakef1@booking.com
543,Joete,Espadero,038 Fairfield Way,717-708-6433,jespaderof2@craigslist.org
544,Avril,Learmouth,1 Heffernan Lane,841-332-8574,alearmouthf3@who.int
545,Yancey,Schimon,5 Straubel Alley,381-199-6287,yschimonf4@shareasale.com
546,Shaylah,Tomaszewicz,96 Waxwing Parkway,350-320-1313,stomaszewiczf5@arstechnica.com
547,Harriot,Funnell,0273 Stoughton Pass,181-726-7264,hfunnellf6@a8.net
548,Hertha,Bwy,5 Steensland Place,705-601-4296,hbwyf7@msn.com
549,Jaymie,Moorhouse,5 Carpenter Hill,679-511-7480,jmoorhousef8@nba.com
550,Tiffanie,McTrustram,88 Carberry Point,596-561-4422,tmctrustramf9@slate.com
551,Linoel,Joules,694 Lerdahl Way,758-940-4807,ljoulesfa@wikia.com
552,Rickard,Ralestone,01 Acker Court,190-393-7501,rralestonefb@seattletimes.com
553,Kissiah,Kirlin,6 Kings Parkway,785-776-8927,kkirlinfc@hhs.gov
554,Murial,Bysouth,9718 Ridgeway Road,873-464-7972,mbysouthfd@nationalgeographic.com
555,Moyra,Van Der Straaten,0696 Vahlen Parkway,171-979-0190,mvanderstraatenfe@printfriendly.com
556,Staford,Ambrogioli,839 Bellgrove Court,825-907-7420,sambrogioliff@taobao.com
557,Frasco,Scotson,642 Tomscot Drive,634-982-4381,fscotsonfg@blogtalkradio.com
558,Wanids,Dowdle,49 Pepper Wood Road,823-220-7443,wdowdlefh@infoseek.co.jp
559,Pippa,Bonavia,896 Boyd Terrace,547-321-1431,pbonaviafi@mediafire.com
560,Jami,Gaucher,4 Annamark Circle,730-122-0288,jgaucherfj@mysql.com
561,Carmina,Reape,0 Kensington Street,208-296-6332,creapefk@wikipedia.org
562,Che,Gavozzi,4858 Nevada Road,161-260-6369,cgavozzifl@google.es
563,Wyn,Larn,35 Cody Center,243-347-9054,wlarnfm@simplemachines.org
564,Jackie,Feilden,0 Old Shore Lane,382-992-3439,jfeildenfn@dmoz.org
565,Oran,Fellgett,0248 Lawn Plaza,524-851-9302,ofellgettfo@tmall.com
566,Robbie,Issatt,26 Redwing Avenue,252-901-5469,rissattfp@youtube.com
567,Obed,Glassman,7 Hudson Pass,537-281-9394,oglassmanfq@about.com
568,Lorens,Kerry,69103 Nevada Lane,685-148-6966,lkerryfr@printfriendly.com
569,Isahella,Josephy,5 Sutherland Park,938-995-8943,ijosephyfs@wordpress.com
570,Annabela,Cleaveland,29420 International Way,659-588-2326,acleavelandft@unc.edu
571,Mar,Trippack,2383 Shoshone Avenue,372-615-2411,mtrippackfu@dyndns.org
572,Kasper,Gian,23321 Farragut Trail,791-268-1716,kgianfv@ycombinator.com
573,Sidoney,Smidmore,7 Elmside Circle,565-232-8694,ssmidmorefw@cnet.com
574,Haley,Witherup,9 Nancy Pass,404-344-4386,hwitherupfx@wunderground.com
575,Merlina,Tofful,4383 Tennessee Point,135-339-7443,mtoffulfy@infoseek.co.jp
576,Byrom,Girauld,8 Sullivan Terrace,597-525-3284,bgirauldfz@time.com
577,Durward,Youdell,37567 Eliot Crossing,112-359-0441,dyoudellg0@odnoklassniki.ru
578,Jocelyn,Berger,06974 Spenser Circle,362-746-8122,jbergerg1@usgs.gov
579,Prince,Marco,47985 Southridge Road,273-349-1235,pmarcog2@slate.com
580,Rhonda,Gabbitis,04 Redwing Drive,992-247-4493,rgabbitisg3@blogspot.com
581,Alison,Siburn,67 Schiller Plaza,237-624-1551,asiburng4@cnet.com
582,Sheilah,Elwin,2025 Nancy Way,956-430-6722,selwing5@scribd.com
583,Danny,Cortes,5 Hansons Crossing,493-845-6235,dcortesg6@wired.com
584,Pedro,Maass,94624 Hayes Street,999-836-2763,pmaassg7@vistaprint.com
585,Barbaraanne,Spurett,01 Main Junction,787-569-2701,bspurettg8@canalblog.com
586,Salem,Hamfleet,54 Hermina Court,344-622-3082,shamfleetg9@networksolutions.com
587,Bartolemo,Hamflett,93 Caliangt Trail,316-430-8843,bhamflettga@craigslist.org
588,Ray,Mammatt,90234 Ridge Oak Drive,773-935-7914,rmammattgb@mozilla.org
589,Gabi,Balharrie,3103 Hintze Hill,251-169-8767,gbalharriegc@adobe.com
590,Kandy,Mannooch,7996 Forest Run Street,337-919-3198,kmannoochgd@last.fm
591,Humfrid,Halmkin,490 Haas Terrace,196-297-7564,hhalmkinge@mac.com
592,Eda,Hollingsbee,7 Lotheville Terrace,934-188-4353,ehollingsbeegf@scientificamerican.com
593,Shaylah,Mongain,7 Texas Terrace,426-292-1701,smongaingg@alexa.com
594,Laureen,Ruprecht,855 Buhler Parkway,687-388-4278,lruprechtgh@amazon.co.uk
595,Gabriel,Learmonth,9924 Summer Ridge Terrace,895-203-1034,glearmonthgi@washington.edu
596,Ferd,McIver,534 Oakridge Junction,300-681-6180,fmcivergj@reddit.com
597,Arly,Markey,69229 Vernon Terrace,202-454-0068,amarkeygk@globo.com
598,Karry,Powys,584 Warbler Point,342-311-3766,kpowysgl@weibo.com
599,Lawry,Kabos,75133 Lawn Trail,740-953-1600,lkabosgm@unblog.fr
600,Jeni,Scamp,98 Fordem Alley,519-689-3467,jscampgn@jiathis.com
601,Aylmar,Ayton,8319 Wayridge Court,607-626-4166,aaytongo@cdbaby.com
602,Linc,Goggin,55 Corry Terrace,818-621-6232,lgoggingp@taobao.com
603,Glen,Blanque,389 Arapahoe Center,662-141-8109,gblanquegq@oaic.gov.au
604,Vilhelmina,Braidwood,1 Commercial Park,888-109-8394,vbraidwoodgr@nifty.com
605,Cassy,MacLaren,5034 Londonderry Terrace,774-243-3892,cmaclarengs@shinystat.com
606,Winni,Gait,9409 Farwell Point,522-193-8627,wgaitgt@jimdo.com
607,Noell,Flude,8030 Trailsway Point,512-412-9557,nfludegu@deliciousdays.com
608,Lisetta,McLeese,3468 Magdeline Avenue,210-711-7658,lmcleesegv@cmu.edu
609,Fionna,Kid,5709 Division Parkway,691-772-3996,fkidgw@google.de
610,Wilt,Liccardi,83716 Delladonna Street,688-390-2407,wliccardigx@washington.edu
611,Briny,Cana,04082 Briar Crest Parkway,941-147-5588,bcanagy@weebly.com
612,Tracey,Tassaker,894 Dexter Drive,795-828-8823,ttassakergz@imgur.com
613,Winfield,Krink,310 Thompson Parkway,260-167-0032,wkrinkh0@nih.gov
614,Mandy,Davidovitz,5 Haas Place,916-817-6485,mdavidovitzh1@wordpress.org
615,Derek,Woodfield,9 Sage Road,857-977-6808,dwoodfieldh2@51.la
616,Avril,Bleier,1 Oakridge Street,141-296-1579,ableierh3@altervista.org
617,Mady,Benedetti,99 Springs Circle,173-663-3767,mbenedettih4@newyorker.com
618,Astrid,Spriddle,6999 Rutledge Parkway,530-281-8570,aspriddleh5@lycos.com
619,Miltie,Flatt,74710 Blackbird Drive,805-165-5147,mflatth6@barnesandnoble.com
620,Hayley,Heinig,296 Oak Parkway,414-766-3257,hheinigh7@goo.ne.jp
621,Sandi,Ternent,791 Dexter Street,637-411-1138,sternenth8@plala.or.jp
622,Eduino,Linder,5 Dwight Trail,492-522-4881,elinderh9@ucla.edu
623,Tadeo,Koeppke,92 Londonderry Pass,427-931-8128,tkoeppkeha@shutterfly.com
624,Hortensia,Dellow,46313 Mesta Place,773-703-3384,hdellowhb@ucla.edu
625,Petronia,Espina,581 Brentwood Terrace,146-871-0504,pespinahc@statcounter.com
626,Buiron,Goeff,56359 Blaine Center,591-802-5119,bgoeffhd@jimdo.com
627,Emeline,Featonby,94490 Prairie Rose Crossing,450-814-0580,efeatonbyhe@hexun.com
628,Esra,Gabbitas,2225 Mccormick Parkway,658-810-3320,egabbitashf@imgur.com
629,Lawry,Iacovacci,1 Duke Parkway,543-671-1442,liacovaccihg@hao123.com
630,Garey,Wattam,52030 Kedzie Alley,383-211-7271,gwattamhh@1und1.de
631,Lutero,Hawkey,1881 Oak Valley Parkway,225-122-3770,lhawkeyhi@twitter.com
632,Kalil,Kleewein,5 Fallview Junction,722-106-4827,kkleeweinhj@illinois.edu
633,Nadine,Aliman,58 Southridge Place,851-524-2266,nalimanhk@twitpic.com
634,Felix,Heaselgrave,70445 Dennis Court,797-260-1384,fheaselgravehl@gov.uk
635,Whitaker,Ferrierio,7 Westridge Parkway,709-679-9795,wferrieriohm@paginegialle.it
636,Vick,Pfaffe,87068 Cascade Crossing,893-569-4391,vpfaffehn@nyu.edu
637,Katine,Piper,7999 Steensland Street,431-505-5364,kpiperho@boston.com
638,Evelina,Tidy,550 Lakewood Street,790-746-0167,etidyhp@soup.io
639,Sunny,Northin,65266 Lillian Terrace,701-322-7588,snorthinhq@opensource.org
640,Ursula,Dod,39244 Basil Place,598-929-3265,udodhr@mapquest.com
641,Othilie,Laurens,82 Monterey Court,153-519-9112,olaurenshs@pbs.org
642,Susette,Farnan,8 Ridgeway Center,846-552-6617,sfarnanht@thetimes.co.uk
643,Clarisse,Brito,3 Sunfield Plaza,573-305-5090,cbritohu@marketwatch.com
644,Connie,Betonia,66 Eastwood Lane,524-408-6420,cbetoniahv@wikimedia.org
645,Analise,Kemmis,78 Spenser Park,542-896-0104,akemmishw@baidu.com
646,Zola,Asser,953 Cottonwood Alley,256-826-5228,zasserhx@typepad.com
647,Nels,Thomelin,4483 Bowman Park,759-830-0357,nthomelinhy@timesonline.co.uk
648,Jacky,Simmonds,15603 Meadow Valley Road,229-682-8408,jsimmondshz@example.com
649,Mechelle,Januszkiewicz,9217 Union Plaza,161-800-2514,mjanuszkiewiczi0@spiegel.de
650,Ruthanne,Seeler,75786 Onsgard Place,284-876-7765,rseeleri1@furl.net
651,Lurline,Cornuau,8577 Shelley Lane,732-251-8654,lcornuaui2@posterous.com
652,Tod,Pentony,84 Comanche Place,948-635-3990,tpentonyi3@skype.com
653,Georges,Cartwight,5 Coolidge Place,980-158-9226,gcartwighti4@amazon.co.uk
654,Lenore,Ansteys,776 Pleasure Point,762-739-4505,lansteysi5@ucoz.com
655,Martie,Dukelow,30 Southridge Way,739-829-4065,mdukelowi6@mac.com
656,Briana,Cashmore,0216 Clyde Gallagher Circle,522-220-2039,bcashmorei7@vimeo.com
657,Reynold,Boothebie,297 Merchant Junction,112-697-2569,rboothebiei8@posterous.com
658,Gav,Boick,90 3rd Street,858-458-0144,gboicki9@usatoday.com
659,Hilliary,Cathel,66 Graedel Way,456-331-6162,hcathelia@theglobeandmail.com
660,Sigfrid,Thunderman,99544 Spohn Crossing,506-523-3611,sthundermanib@hatena.ne.jp
661,Noby,Ellson,4259 Hoffman Circle,263-836-2612,nellsonic@upenn.edu
662,Brittany,Melrose,35342 Bartillon Terrace,415-446-0322,bmelroseid@sakura.ne.jp
663,Jasmina,Spinage,809 Brown Park,595-515-0474,jspinageie@constantcontact.com
664,Bennie,Radband,17694 Fordem Trail,661-567-8271,bradbandif@europa.eu
665,Ibbie,Weeks,76 Kings Lane,569-704-5348,iweeksig@phpbb.com
666,Demetri,Guyon,1 Michigan Way,768-368-9363,dguyonih@time.com
667,Nikolai,Dupoy,32072 Utah Park,312-666-0728,ndupoyii@cafepress.com
668,Avictor,Towse,93 Dovetail Hill,814-861-8178,atowseij@aol.com
669,Darice,Jesty,6442 Macpherson Drive,712-315-3274,djestyik@drupal.org
670,Bancroft,Lillywhite,75 Warner Junction,801-183-9848,blillywhiteil@weebly.com
671,Giralda,Sherbrooke,60944 Bay Terrace,731-969-9456,gsherbrookeim@marriott.com
672,Pansy,Mc Meekin,89204 Ridge Oak Court,473-848-0445,pmcmeekinin@eventbrite.com
673,Wyatt,Matejka,18 Sunbrook Pass,943-443-0882,wmatejkaio@constantcontact.com
674,Matteo,Champniss,26053 Anhalt Park,444-475-0095,mchampnissip@sina.com.cn
675,Bale,Cullingworth,127 Huxley Trail,645-837-1381,bcullingworthiq@scribd.com
676,Carl,Spink,2 Washington Park,984-139-1962,cspinkir@ft.com
677,Mikael,Kimblin,96190 Sugar Street,699-126-7396,mkimblinis@bloglines.com
678,Ursula,Hynam,36891 Loeprich Terrace,842-128-0991,uhynamit@howstuffworks.com
679,Stace,Ing,3 Loeprich Way,320-408-4608,singiu@privacy.gov.au
680,Lucille,Alyokhin,780 Oak Valley Terrace,564-953-8209,lalyokhiniv@vkontakte.ru
681,Justen,Suthworth,85 Anderson Alley,943-380-4467,jsuthworthiw@csmonitor.com
682,Leann,Cleghorn,9118 Maywood Terrace,223-415-9029,lcleghornix@people.com.cn
683,Roosevelt,Bardwall,662 Holy Cross Lane,402-747-5013,rbardwalliy@privacy.gov.au
684,Mady,Ogelbe,46 Talmadge Point,280-878-9330,mogelbeiz@engadget.com
685,Valerie,Stivens,4 Northview Point,141-622-5931,vstivensj0@fotki.com
686,Raychel,Brower,88272 Truax Trail,286-120-6186,rbrowerj1@unesco.org
687,Donella,Haveline,558 Carberry Plaza,334-475-3483,dhavelinej2@baidu.com
688,Paula,Heggs,1037 Farmco Street,584-161-9201,pheggsj3@businessweek.com
689,Hally,Landers,55844 Moose Avenue,546-213-1126,hlandersj4@devhub.com
690,Kirk,Durrans,45 Packers Way,789-647-6738,kdurransj5@slate.com
691,Krystal,Szymanowicz,5 Weeping Birch Court,100-807-9329,kszymanowiczj6@mapy.cz
692,Artus,Rodge,07 Old Gate Court,247-560-6331,arodgej7@cam.ac.uk
693,Vonny,Seward,22 Charing Cross Circle,728-743-3459,vsewardj8@zimbio.com
694,Lothaire,Chappell,8491 Ilene Point,701-282-9528,lchappellj9@ucsd.edu
695,Ruthi,Townson,913 Maple Wood Lane,833-305-7831,rtownsonja@msn.com
696,Mendie,Kinnane,3 Randy Drive,103-347-0355,mkinnanejb@ucsd.edu
697,Ed,Rosenboim,5 Wayridge Point,752-351-9282,erosenboimjc@kickstarter.com
698,Ephrem,Skeene,08727 Commercial Way,891-965-3260,eskeenejd@nytimes.com
699,Lorrin,Kalkofer,04 Cambridge Junction,482-317-7971,lkalkoferje@noaa.gov
700,Bianca,Rape,10859 Garrison Court,729-733-4420,brapejf@elegantthemes.com
701,Peggi,Caulfield,61913 Vera Junction,957-740-6814,pcaulfieldjg@ameblo.jp
702,Kyrstin,Benezeit,92 Merrick Avenue,250-899-4399,kbenezeitjh@yolasite.com
703,Jerrylee,Freemantle,7 Autumn Leaf Hill,156-688-4262,jfreemantleji@google.ca
704,Florina,Ingham,19851 Heath Park,850-779-3523,finghamjj@hostgator.com
705,Daron,Coviello,584 Glacier Hill Park,247-964-6483,dcoviellojk@livejournal.com
706,Margette,Haggus,7317 Red Cloud Alley,714-992-3021,mhaggusjl@microsoft.com
707,Arin,Sawyer,70753 Cascade Drive,110-339-1251,asawyerjm@wordpress.org
708,Merrile,Brislan,05 Dayton Alley,650-246-9302,mbrislanjn@wikia.com
709,Donalt,McGirr,68459 Prentice Pass,150-388-7065,dmcgirrjo@furl.net
710,Somerset,Shannon,09067 Porter Park,916-435-1675,sshannonjp@biglobe.ne.jp
711,Ricky,Corballis,491 Everett Alley,728-410-2444,rcorballisjq@clickbank.net
712,Humbert,Hillatt,6963 Fulton Hill,477-426-9034,hhillattjr@quantcast.com
713,Lennard,Darco,006 Eagan Parkway,199-830-7447,ldarcojs@drupal.org
714,Washington,Berrington,83 Pepper Wood Pass,102-118-9895,wberringtonjt@ocn.ne.jp
715,Heddi,Scrimshire,6 Hagan Terrace,939-134-2263,hscrimshireju@slideshare.net
716,Katharyn,Pilgrim,690 Memorial Center,644-898-3777,kpilgrimjv@walmart.com
717,Husain,Skull,5229 Green Ridge Park,553-856-5303,hskulljw@ning.com
718,Samuele,McMonnies,0 Cherokee Junction,318-925-6582,smcmonniesjx@skype.com
719,Rozalin,Dary,4476 6th Drive,274-677-0793,rdaryjy@cnet.com
720,Bogey,Eim,3 Laurel Way,364-932-7712,beimjz@accuweather.com
721,Star,Leyes,7216 Pearson Court,693-934-6555,sleyesk0@time.com
722,Neel,Boxhill,71 Trailsway Road,512-759-6143,nboxhillk1@goodreads.com
723,Konrad,Niesing,416 Lotheville Plaza,520-260-4556,kniesingk2@bbc.co.uk
724,Rheba,Cannavan,3 Prairie Rose Park,505-224-5468,rcannavank3@blogger.com
725,Alwyn,Witherbed,572 Moulton Road,722-729-1206,awitherbedk4@epa.gov
726,Devora,Dan,04862 Pawling Parkway,681-615-4065,ddank5@naver.com
727,Charles,Filewood,6 Everett Pass,366-862-2540,cfilewoodk6@webeden.co.uk
728,Phineas,Climo,17667 Lotheville Circle,777-331-7540,pclimok7@mozilla.org
729,Avery,Sickert,08 Hanover Pass,687-124-4444,asickertk8@harvard.edu
730,Ansley,Brownsey,6 Hansons Park,908-332-1117,abrownseyk9@360.cn
731,Chloris,McArd,1245 Welch Junction,817-366-3625,cmcardka@ca.gov
732,Janaya,Martill,777 Washington Drive,367-737-7660,jmartillkb@posterous.com
733,Constance,Elcocks,8575 Rockefeller Terrace,863-368-4537,celcockskc@shop-pro.jp
734,Maddie,Salaman,5818 Sugar Center,648-228-8113,msalamankd@uol.com.br
735,Dore,Byford,9 Cambridge Drive,799-223-9471,dbyfordke@comcast.net
736,Lynnett,Ausher,22 Walton Crossing,137-974-8857,lausherkf@sun.com
737,Emmit,Garken,752 Mariners Cove Center,570-746-9905,egarkenkg@4shared.com
738,Andrea,Woolward,955 Cody Terrace,841-733-0681,awoolwardkh@jiathis.com
739,Jayme,Mityushkin,6 Coolidge Street,416-121-0520,jmityushkinki@msn.com
740,Heath,Ashplant,4 Grim Street,137-714-2024,hashplantkj@ibm.com
741,Ulrike,Furmonger,5328 Londonderry Alley,409-139-4018,ufurmongerkk@globo.com
742,Thomasina,Lyal,14079 Victoria Hill,327-116-8456,tlyalkl@discovery.com
743,Boonie,Heape,76949 Rockefeller Plaza,904-769-4478,bheapekm@dion.ne.jp
744,Leeland,Rosenblum,89583 Shopko Road,846-806-6306,lrosenblumkn@tinypic.com
745,Travers,Moodie,3401 Truax Lane,266-756-1311,tmoodieko@themeforest.net
746,Valentino,Pastor,997 Arizona Hill,121-760-9658,vpastorkp@wunderground.com
747,Odele,Bucky,76645 Grayhawk Crossing,710-815-2646,obuckykq@eepurl.com
748,Jessamine,Tapscott,377 Bashford Way,314-165-7885,jtapscottkr@unicef.org
749,Filmore,Baccus,36470 Cambridge Park,624-940-0940,fbaccusks@opensource.org
750,Wynny,McIlvoray,212 Reindahl Terrace,478-423-0112,wmcilvoraykt@clickbank.net
751,Missie,Bowdery,86 Sage Circle,290-919-6328,mbowderyku@amazon.com
752,Krissy,Keith,8954 Summer Ridge Alley,928-948-8921,kkeithkv@independent.co.uk
753,Valeria,Snowden,12514 Drewry Parkway,557-352-6661,vsnowdenkw@upenn.edu
754,Doll,Gianelli,79 Sullivan Hill,979-493-3526,dgianellikx@newyorker.com
755,Consalve,Latour,4 Hollow Ridge Road,660-835-2794,clatourky@mac.com
756,Melodee,Chattelaine,9806 Darwin Center,212-396-7365,mchattelainekz@go.com
757,Florenza,Tarling,52902 Blue Bill Park Junction,763-513-1786,ftarlingl0@homestead.com
758,Duke,Parramore,04 Morningstar Avenue,925-260-5405,dparramorel1@princeton.edu
759,Ruthi,Titchen,4 Eagle Crest Crossing,609-763-6298,rtitchenl2@scientificamerican.com
760,Hillery,Vella,2 Vermont Street,671-931-0624,hvellal3@uol.com.br
761,Son,Fairbrass,6574 Badeau Way,433-268-4267,sfairbrassl4@archive.org
762,Joycelin,Woodison,25 Reindahl Place,314-583-0397,jwoodisonl5@webs.com
763,Auroora,Frood,785 Dunning Parkway,804-426-3330,afroodl6@about.com
764,Courtnay,Shirlaw,08 School Alley,921-247-7323,cshirlawl7@google.com
765,Gilbertine,Bullan,40 Jana Center,760-768-0593,gbullanl8@g.co
766,Neddie,Scriven,05 Bluejay Place,161-728-0446,nscrivenl9@cam.ac.uk
767,Gill,Harbord,82576 Reindahl Street,879-508-1657,gharbordla@loc.gov
768,Nell,Jancso,08147 Marquette Crossing,122-277-5000,njancsolb@bbb.org
769,Pablo,Oubridge,2 Prairie Rose Point,737-348-2757,poubridgelc@xing.com
770,Kimmi,Dudin,64 Kensington Junction,289-976-4661,kdudinld@dailymail.co.uk
771,Maribeth,Pilipyak,0634 Boyd Pass,603-116-3328,mpilipyakle@mysql.com
772,Sashenka,Chadwick,022 Lake View Road,279-124-7237,schadwicklf@comsenz.com
773,Hadria,Vales,71188 Derek Drive,314-230-9778,hvaleslg@sciencedirect.com
774,Zenia,Walstow,98048 Mayer Point,991-635-7044,zwalstowlh@sun.com
775,Benedikt,Blackway,5 Sachtjen Trail,733-123-8224,bblackwayli@parallels.com
776,Kasper,Lukasik,8 Blaine Avenue,792-591-1136,klukasiklj@youtu.be
777,Amara,Maving,7 Annamark Lane,154-333-1793,amavinglk@dailymail.co.uk
778,Francene,Colafate,399 Moose Way,881-784-4352,fcolafatell@1und1.de
779,Sigfrid,Lafontaine,77797 Clarendon Drive,811-314-8681,slafontainelm@fema.gov
780,Humfrid,Harteley,000 Dakota Trail,779-580-1622,hharteleyln@nba.com
781,Malcolm,Svanini,8 Bowman Street,254-488-6831,msvaninilo@woothemes.com
782,Trescha,Jobb,754 Sheridan Hill,164-809-9020,tjobblp@google.cn
783,Ardeen,Narraway,8382 Anhalt Drive,611-616-5836,anarrawaylq@bigcartel.com
784,Pavia,Fallow,16565 Beilfuss Trail,670-876-6631,pfallowlr@shutterfly.com
785,Melitta,Birkby,81 Bluejay Crossing,476-878-2371,mbirkbyls@theatlantic.com
786,Gardiner,Tregent,9772 Ruskin Way,734-392-3702,gtregentlt@so-net.ne.jp
787,Quinn,Redwood,30 West Park,518-403-6836,qredwoodlu@ed.gov
788,Caren,Atchly,6 Novick Place,822-699-3340,catchlylv@mlb.com
789,Estele,Froud,964 Loomis Drive,419-445-5543,efroudlw@linkedin.com
790,Dorine,Geram,3 Annamark Center,183-475-2201,dgeramlx@economist.com
791,Chaddy,McGiveen,0 Butternut Avenue,672-896-9110,cmcgiveenly@ucla.edu
792,Tammie,Staneland,42 Mandrake Circle,421-813-8276,tstanelandlz@aol.com
793,Violetta,Oxlade,6351 Transport Court,740-981-7320,voxladem0@yellowbook.com
794,Glynda,Brookton,243 Mcguire Park,819-993-5352,gbrooktonm1@themeforest.net
795,Harley,McEneny,305 Warner Trail,179-176-2126,hmcenenym2@livejournal.com
796,Felice,Cowans,4668 Wayridge Way,657-810-6617,fcowansm3@lycos.com
797,Fabian,Hallam,11 Anderson Hill,373-643-1590,fhallamm4@rediff.com
798,Ronny,Treanor,183 Sunnyside Point,939-703-1622,rtreanorm5@naver.com
799,Randene,Willgrass,141 Huxley Drive,610-724-7799,rwillgrassm6@eventbrite.com
800,Aldon,Fitzackerley,73773 Waubesa Terrace,194-570-8337,afitzackerleym7@homestead.com
801,Opalina,Burgot,0 Sherman Way,814-421-2215,oburgotm8@edublogs.org
802,Paco,Willden,2 Summer Ridge Way,421-712-5940,pwilldenm9@mysql.com
803,Car,Dincey,7511 Schlimgen Alley,297-467-4983,cdinceyma@toplist.cz
804,Erskine,Pincott,9960 Green Ridge Park,386-657-5351,epincottmb@wordpress.org
805,Nikos,Mousby,160 Fieldstone Alley,746-748-7529,nmousbymc@dailymail.co.uk
806,Verna,Reinger,28876 Pennsylvania Alley,801-365-4936,vreingermd@slate.com
807,Dalli,Mityashev,46457 Morningstar Way,476-272-3482,dmityashevme@youku.com
808,Leanora,Dulwich,6 Bashford Way,157-460-2820,ldulwichmf@lycos.com
809,Obie,Gretton,4 Blackbird Road,745-518-4695,ogrettonmg@usa.gov
810,Kit,Pidgley,45840 Mifflin Pass,386-910-6232,kpidgleymh@dmoz.org
811,Elsworth,Laverock,5471 Kensington Street,244-583-4375,elaverockmi@dyndns.org
812,Muffin,Heineke,6808 Hayes Court,394-748-9529,mheinekemj@oracle.com
813,Amery,McErlaine,3592 Goodland Trail,368-531-0321,amcerlainemk@rakuten.co.jp
814,Bernard,Tousy,414 Weeping Birch Alley,979-145-5809,btousyml@youtube.com
815,Nadya,Matteacci,539 Elka Alley,851-931-5622,nmatteaccimm@arizona.edu
816,Rolph,Mewis,81 Almo Junction,904-956-6186,rmewismn@ihg.com
817,Sibeal,Winyard,18 Truax Way,338-794-6111,swinyardmo@people.com.cn
818,Reggi,Wilshire,0526 Hanson Parkway,893-797-7237,rwilshiremp@reference.com
819,Savina,Cantrill,8202 Milwaukee Alley,782-360-0877,scantrillmq@cbslocal.com
820,Putnam,Shotter,1121 Homewood Avenue,840-638-7810,pshottermr@soundcloud.com
821,Alaster,Fulep,9 Towne Plaza,209-294-2488,afulepms@berkeley.edu
822,Minni,Yaknov,48 Schurz Park,926-678-3436,myaknovmt@youtube.com
823,Davis,Vallis,64114 Everett Terrace,579-700-7793,dvallismu@ezinearticles.com
824,Romy,Bolden,77 Old Gate Point,336-658-1783,rboldenmv@japanpost.jp
825,Minor,Duffie,93 Westend Hill,215-652-9250,mduffiemw@hexun.com
826,Rem,Biner,7424 Crest Line Lane,443-296-7955,rbinermx@army.mil
827,Rosemonde,Champneys,08 Service Place,382-722-2511,rchampneysmy@virginia.edu
828,Kylila,Reynoollds,2482 Kensington Plaza,591-232-6714,kreynoolldsmz@spotify.com
829,Kerr,Adacot,8 Vernon Street,482-575-6078,kadacotn0@unblog.fr
830,Alane,Marquet,076 Vahlen Place,839-544-7237,amarquetn1@shutterfly.com
831,Stearne,Meryett,066 Sommers Place,423-720-9668,smeryettn2@flavors.me
832,Galvan,Chismon,72128 Jenifer Terrace,863-275-8887,gchismonn3@tripadvisor.com
833,Melisent,Drummer,5759 Rutledge Parkway,114-344-2844,mdrummern4@arstechnica.com
834,Myrta,McDowell,4277 Katie Lane,947-648-0692,mmcdowelln5@com.com
835,Umeko,Stearns,05602 Del Mar Drive,315-409-5629,ustearnsn6@google.com
836,Lowe,Arnauduc,4672 Bluestem Center,122-588-6532,larnauducn7@soup.io
837,Kareem,Jinkins,65 Nelson Pass,957-216-3046,kjinkinsn8@independent.co.uk
838,Haven,Vye,59699 Mallard Way,204-128-8576,hvyen9@google.ca
839,Monah,Gerrard,12755 Main Hill,164-422-5761,mgerrardna@bbc.co.uk
840,Tierney,Mozzetti,4577 Oakridge Hill,104-822-2854,tmozzettinb@cyberchimps.com
841,Minerva,Khristoforov,4 Killdeer Circle,532-358-5416,mkhristoforovnc@usa.gov
842,Corbet,Prestige,819 Gulseth Center,348-829-5259,cprestigend@hugedomains.com
843,Kristofor,Castagneto,1701 Moose Plaza,299-200-1072,kcastagnetone@bing.com
844,Issiah,Muck,7 Sachs Drive,874-569-0403,imucknf@wufoo.com
845,Thekla,Bedson,1945 Goodland Way,681-126-7933,tbedsonng@cnn.com
846,Augustin,Danilovic,43912 Ramsey Trail,519-379-7141,adanilovicnh@edublogs.org
847,Sherlock,Hubbuck,90 Oriole Plaza,623-230-0560,shubbuckni@paginegialle.it
848,Erl,McEnteggart,7679 Vidon Drive,435-906-8406,emcenteggartnj@wufoo.com
849,Garfield,Grimmert,588 Ramsey Crossing,803-539-0977,ggrimmertnk@google.co.jp
850,Gertrudis,Sprigings,296 Doe Crossing Parkway,817-124-3217,gsprigingsnl@clickbank.net
851,Blythe,Hentze,16 Claremont Parkway,479-191-9585,bhentzenm@archive.org
852,Winny,Clift,50237 Butterfield Junction,990-588-8938,wcliftnn@go.com
853,Kurtis,Stutte,2 Corscot Crossing,450-423-9629,kstutteno@etsy.com
854,Maryann,Bulbrook,5770 Superior Way,600-330-9087,mbulbrooknp@google.nl
855,Zorana,Haylands,6089 Service Hill,360-814-7513,zhaylandsnq@nbcnews.com
856,Jasper,Ege,9 Loeprich Parkway,412-163-3160,jegenr@g.co
857,Vyky,Utton,59 Reindahl Circle,643-442-9927,vuttonns@ameblo.jp
858,Axe,Matyushenko,88071 Sage Alley,365-789-7722,amatyushenkont@nature.com
859,Allistir,Yeude,0663 Westport Circle,590-850-3460,ayeudenu@shop-pro.jp
860,Robinson,Messom,4862 Fulton Street,159-364-0931,rmessomnv@booking.com
861,Kathleen,Ketcher,00 Mitchell Road,321-587-6541,kketchernw@epa.gov
862,Ainslie,Pedwell,9 Barnett Junction,266-622-6191,apedwellnx@engadget.com
863,Sancho,Episcopi,17 Atwood Road,805-608-3611,sepiscopiny@washington.edu
864,Brnaby,Cronshaw,503 Spenser Park,553-228-1048,bcronshawnz@1688.com
865,Pier,Paradine,47 Menomonie Drive,857-358-5219,pparadineo0@army.mil
866,Harriott,Repp,40 Summit Court,976-411-5310,hreppo1@dailymail.co.uk
867,Ana,Arnaldi,2 Caliangt Circle,376-780-7106,aarnaldio2@clickbank.net
868,Penelope,Pohl,422 Spenser Junction,889-782-5559,ppohlo3@fotki.com
869,Gris,Quarrie,73498 Colorado Junction,394-166-6628,gquarrieo4@ucsd.edu
870,Kennie,Farington,9 Carioca Terrace,163-477-9519,kfaringtono5@guardian.co.uk
871,Jeri,Segar,82529 Butternut Park,674-144-1127,jsegaro6@yelp.com
872,Vance,Dougary,665 Dryden Trail,333-876-5980,vdougaryo7@imgur.com
873,Eydie,Klausen,3214 Schiller Point,867-162-5563,eklauseno8@lycos.com
874,Cara,Cummine,226 Hallows Parkway,208-387-9432,ccummineo9@buzzfeed.com
875,Bartholomeus,MacDavitt,9317 Center Place,964-179-7719,bmacdavittoa@biblegateway.com
876,Sabine,Nurdin,7260 Brentwood Avenue,565-398-2481,snurdinob@ibm.com
877,Bobinette,Hamberstone,0137 Pond Hill,139-398-2893,bhamberstoneoc@simplemachines.org
878,Ruddie,Imeson,91771 Melvin Park,342-938-1552,rimesonod@smh.com.au
879,Constantina,Physick,5 Kropf Terrace,916-640-1480,cphysickoe@parallels.com
880,Angelle,Hryncewicz,56 Vermont Circle,771-392-1369,ahryncewiczof@google.co.jp
881,Budd,Sales,7220 Nelson Park,163-967-2061,bsalesog@nymag.com
882,Porty,Sweetlove,259 Meadow Ridge Crossing,857-486-7147,psweetloveoh@state.tx.us
883,Alena,Gierth,33 Michigan Lane,482-273-8246,agierthoi@telegraph.co.uk
884,Roderigo,Creddon,54 Mayer Road,770-667-1196,rcreddonoj@about.com
885,Cyb,Jensen,89 Manley Pass,169-258-0384,cjensenok@indiatimes.com
886,Gasparo,Troy,81293 Toban Terrace,955-299-1808,gtroyol@parallels.com
887,Francyne,Maylin,2176 Arkansas Trail,875-592-7209,fmaylinom@yahoo.co.jp
888,Carce,Cona,79379 Welch Court,800-987-2975,cconaon@google.co.uk
889,Finlay,Woodruffe,36 La Follette Parkway,197-681-1544,fwoodruffeoo@dell.com
890,Caryl,Mattevi,6582 Dakota Court,580-577-0065,cmatteviop@yahoo.com
891,Matty,Napier,23 Laurel Junction,539-106-3471,mnapieroq@studiopress.com
892,Ellissa,Bealton,76 Washington Place,304-996-1063,ebealtonor@wikimedia.org
893,Hansiain,Candwell,5 Dayton Drive,113-434-9431,hcandwellos@simplemachines.org
894,Emmalynn,Ourry,580 Melby Trail,980-966-4608,eourryot@360.cn
895,Dianemarie,Kelling,87875 Myrtle Junction,723-421-3498,dkellingou@moonfruit.com
896,Jazmin,Strase,71 Lillian Junction,689-257-5823,jstraseov@usatoday.com
897,Antony,Narraway,15960 Milwaukee Center,221-701-2537,anarrawayow@sfgate.com
898,Krystalle,Shave,2692 Melody Circle,228-506-9738,kshaveox@wix.com
899,Stormy,Shorey,45 Merry Road,359-942-8674,sshoreyoy@livejournal.com
900,Raleigh,Tomas,92709 Mosinee Avenue,837-686-8630,rtomasoz@ihg.com
901,Violetta,Denekamp,1 Clyde Gallagher Lane,644-843-1650,vdenekampp0@guardian.co.uk
902,Remy,Janicek,0417 Transport Circle,221-755-7894,rjanicekp1@domainmarket.com
903,Nevil,Baynon,9000 Autumn Leaf Way,843-853-4495,nbaynonp2@wired.com
904,Carlita,Ivasyushkin,4528 Swallow Center,139-625-1383,civasyushkinp3@g.co
905,Killie,Bunce,2 Anhalt Way,231-667-2088,kbuncep4@miitbeian.gov.cn
906,Brooks,Crank,305 Arapahoe Circle,260-412-6095,bcrankp5@noaa.gov
907,Hernando,Thamelt,488 Cottonwood Park,423-586-9440,hthameltp6@stumbleupon.com
908,Selene,Boerderman,150 Thackeray Pass,577-128-3712,sboerdermanp7@washington.edu
909,Odie,Coffin,434 8th Court,571-679-6743,ocoffinp8@cnbc.com
910,Gabe,Taplin,17 Waywood Drive,193-889-7014,gtaplinp9@tripod.com
911,Maurie,Kings,06041 Rieder Drive,839-147-3524,mkingspa@shutterfly.com
912,Adriane,Mettrick,1 Anzinger Point,632-693-0319,amettrickpb@comsenz.com
913,Celinka,Siflet,4055 Merchant Avenue,855-434-6558,csifletpc@ted.com
914,Josy,Kacheller,76515 Bluestem Place,992-116-3117,jkachellerpd@booking.com
915,Jeremie,Coldicott,489 Fuller Terrace,380-332-9065,jcoldicottpe@printfriendly.com
916,Dedie,Fahrenbacher,49 Muir Place,457-243-2248,dfahrenbacherpf@chron.com
917,Kyle,Siebert,60358 Dovetail Way,566-548-8921,ksiebertpg@ihg.com
918,Amabel,Leader,1597 Susan Plaza,562-849-1133,aleaderph@unicef.org
919,Emmalynne,Pipe,636 Morning Way,251-957-0035,epipepi@google.com.hk
920,Mark,Marlon,462 Lakewood Avenue,400-629-7741,mmarlonpj@angelfire.com
921,Cletus,Brann,9 Spaight Alley,445-800-8707,cbrannpk@pcworld.com
922,Sissie,Marchington,5 Debs Drive,404-868-8572,smarchingtonpl@chronoengine.com
923,Tynan,Adaway,5 Pearson Terrace,281-285-3407,tadawaypm@yahoo.com
924,Liam,Ranscome,2 Rigney Road,984-228-5524,lranscomepn@msn.com
925,Vinnie,Solley,13130 Nobel Plaza,153-394-2355,vsolleypo@archive.org
926,Tressa,Pursglove,63372 Pond Place,129-569-0100,tpursglovepp@1688.com
927,Nels,Studeart,8017 Northport Parkway,577-576-9921,nstudeartpq@sohu.com
928,Kendre,Laite,33 Nevada Drive,896-352-1587,klaitepr@discovery.com
929,Anya,Kachel,17049 Waubesa Crossing,310-454-3338,akachelps@prweb.com
930,Nicole,Starbucke,5 Merrick Road,658-291-5295,nstarbuckept@fastcompany.com
931,Quint,Cammidge,7096 Sheridan Street,801-809-8916,qcammidgepu@wp.com
932,Stavro,Melmar,0 Larry Way,876-910-5034,smelmarpv@edublogs.org
933,Shermy,Statham,6949 Everett Way,173-744-5061,sstathampw@aol.com
934,Kirstin,Paget,40 Springview Parkway,649-420-6219,kpagetpx@indiatimes.com
935,Norris,Leacock,14575 Algoma Lane,611-587-8269,nleacockpy@php.net
936,Killie,Rushford,6 Pearson Trail,782-896-9998,krushfordpz@joomla.org
937,Rubi,Bedson,90064 Westridge Way,529-634-6840,rbedsonq0@who.int
938,Boonie,Marchington,963 Northland Hill,453-203-4518,bmarchingtonq1@skyrock.com
939,Herta,Bathowe,5671 Bluejay Lane,202-726-4101,hbathoweq2@quantcast.com
940,Vidovic,Gobert,0 Tomscot Trail,762-834-9987,vgobertq3@xinhuanet.com
941,Kendra,Marcq,4 Muir Parkway,952-345-8596,kmarcqq4@livejournal.com
942,Cornall,Noweak,867 Canary Junction,672-674-9473,cnoweakq5@jigsy.com
943,Joby,Congdon,58745 Mockingbird Point,949-588-1818,jcongdonq6@harvard.edu
944,Xylina,Wheater,797 Carioca Street,127-749-7614,xwheaterq7@webs.com
945,Israel,Tenwick,064 Chive Plaza,159-575-3055,itenwickq8@altervista.org
946,Noella,Hirtz,9 Sycamore Way,747-161-9168,nhirtzq9@washingtonpost.com
947,Lonna,Duester,27 Packers Parkway,594-577-3495,lduesterqa@twitpic.com
948,Batholomew,Ratchford,79862 Toban Lane,505-456-1363,bratchfordqb@histats.com
949,Izzy,Beldan,3 Starling Place,707-631-9313,ibeldanqc@geocities.jp
950,Angelo,Loughman,8876 4th Court,706-319-6602,aloughmanqd@twitpic.com
951,Bibbie,Rubra,42801 Katie Point,147-495-3902,brubraqe@1und1.de
952,Candida,Janks,1 Algoma Hill,455-867-7958,cjanksqf@booking.com
953,Fiona,Moran,5213 Sundown Junction,227-355-7536,fmoranqg@ask.com
954,Grier,Fetherstan,63 Merrick Way,471-145-6937,gfetherstanqh@devhub.com
955,Betti,Wych,424 Havey Hill,746-342-3387,bwychqi@slashdot.org
956,Robena,Dunstall,61206 Linden Plaza,862-182-5442,rdunstallqj@marketwatch.com
957,Maximo,Seakings,0294 Heffernan Road,444-616-2868,mseakingsqk@hubpages.com
958,Miguel,Meikle,608 Vera Avenue,999-256-8530,mmeikleql@blinklist.com
959,Hillyer,Hardaker,39597 Trailsway Parkway,850-450-7074,hhardakerqm@behance.net
960,Toby,Soreau,1715 Gina Road,484-358-5531,tsoreauqn@t.co
961,Cam,Skipper,55 Oak Trail,490-375-0074,cskipperqo@newyorker.com
962,Ferdinand,Poyner,53 Manufacturers Drive,558-323-0017,fpoynerqp@google.es
963,Joice,Bland,30 Logan Avenue,885-899-1532,jblandqq@thetimes.co.uk
964,Corrianne,Buxcey,712 Crest Line Way,348-782-9469,cbuxceyqr@google.ru
965,Donal,Aronson,09810 Luster Center,602-437-1590,daronsonqs@washingtonpost.com
966,Aguistin,Bielby,38 Lyons Junction,333-787-0861,abielbyqt@accuweather.com
967,Selina,Pleasance,8 Charing Cross Way,533-518-7095,spleasancequ@simplemachines.org
968,Tully,Dinnies,8613 Eliot Place,939-923-3330,tdinniesqv@live.com
969,Kaila,Ashington,7 Maywood Crossing,809-178-8032,kashingtonqw@sina.com.cn
970,Orton,Smee,2 Lerdahl Place,331-659-4039,osmeeqx@sbwire.com
971,Bonnibelle,Breffitt,2 Barby Pass,843-591-2204,bbreffittqy@nytimes.com
972,Pauli,Martindale,7 Monterey Parkway,842-313-6698,pmartindaleqz@epa.gov
973,Townie,Seccombe,91 Oak Valley Junction,654-309-2081,tseccomber0@booking.com
974,Paddy,Brittin,5 Butterfield Crossing,790-373-0436,pbrittinr1@mashable.com
975,Ester,Yapp,53 Johnson Parkway,761-750-0954,eyappr2@icq.com
976,Pavla,Pellatt,94241 Forest Trail,259-322-0354,ppellattr3@soup.io
977,Berky,Powlett,900 Fair Oaks Lane,218-711-1113,bpowlettr4@webs.com
978,Edwin,Lightwood,663 Loomis Avenue,492-413-3144,elightwoodr5@cnn.com
979,Jakie,Bassano,76 Mesta Crossing,266-298-0220,jbassanor6@nbcnews.com
980,Luther,Eloy,46 Russell Way,745-195-5054,leloyr7@topsy.com
981,Edi,Plaskitt,87 North Drive,729-595-6639,eplaskittr8@ftc.gov
982,Aurelea,Sondon,1414 Drewry Court,813-794-3682,asondonr9@omniture.com
983,Web,Huebner,4 Dunning Hill,514-397-3305,whuebnerra@paypal.com
984,Guinevere,Kuna,906 Eggendart Way,459-764-7148,gkunarb@pagesperso-orange.fr
985,Vyky,Burgwyn,840 Dexter Terrace,429-451-8555,vburgwynrc@imgur.com
986,Clarette,Prichet,89094 Morningstar Drive,915-666-5145,cprichetrd@acquirethisname.com
987,Wandie,McElrea,6401 Pankratz Pass,130-731-7063,wmcelreare@ox.ac.uk
988,Olvan,Winsom,865 Anhalt Avenue,745-159-0625,owinsomrf@homestead.com
989,Christophe,Southward,4322 Independence Way,890-217-4779,csouthwardrg@unc.edu
990,Gannon,Atter,2 Burrows Lane,594-939-7086,gatterrh@diigo.com
991,Kirk,Pennycuick,21815 Gateway Alley,179-713-2653,kpennycuickri@cnbc.com
992,Sheelah,Grimwad,74 Everett Place,139-239-6673,sgrimwadrj@xing.com
993,Wallis,Cordeix,8796 Chinook Circle,201-154-1415,wcordeixrk@who.int
994,Dwain,Prichard,918 Express Avenue,928-936-5684,dprichardrl@storify.com
995,Connie,Ganderton,8085 Thierer Road,696-666-3586,cgandertonrm@blogs.com
996,Eddy,Roos,318 Knutson Court,417-393-4733,eroosrn@whitehouse.gov
997,Milzie,Knevett,64 Ilene Center,693-484-6955,mknevettro@jigsy.com
998,Omar,Lanchberry,82104 Killdeer Circle,431-193-2709,olanchberryrp@over-blog.com
999,Bennett,Rintoul,456 Hooker Road,503-173-5403,brintoulrq@reddit.com
1000,Wakefield,Arnhold,5593 Shasta Junction,918-212-6708,warnholdrr@phpbb.com
